2026-08-29 06:27:31 +0000 [MT] Initial pipeline context: <IDEDistributionProcessingPipelineContext: 0xc11fac300; archive(resolved)="<IDEArchive: 0xc144dc1c0>", distributionTask(resolved)="2", distributionDestination(resolved)="1", distributionMethod(resolved)="<IDEDistributionMethodiOSAppStoreDistribution: 0xc14638e20>", team(resolved)="<IDEProvisioningBasicTeam: 0xc11de7d40; teamID='N3F7PRGY83', teamName='(null)'>">
	Chain (15, self inclusive):
	<IDEDistributionProcessingPipelineContext: 0xc11fac300; archive = "<IDEArchive: 0xc144dc1c0>", distributionMethod="<IDEDistributionMethodiOSAppStoreDistribution: 0xc14638e20>", team="<IDEProvisioningBasicTeam: 0xc11de7d40; teamID='N3F7PRGY83', teamName='(null)'>">
	<IDEDistributionProcessingPipelineContext: 0xc11fac000; archive = "<IDEArchive: 0xc144dc1c0>", distributionMethod="<IDEDistributionMethodiOSAppStoreDistribution: 0xc14638e20>", team="<IDEProvisioningBasicTeam: 0xc11de7d40; teamID='N3F7PRGY83', teamName='(null)'>">
	<IDEDistributionContext: 0xc11d11b80; archive = "<IDEArchive: 0xc144dc1c0>", distributionMethod="<IDEDistributionMethodiOSAppStoreDistribution: 0xc14638e20>", team="<IDEProvisioningBasicTeam: 0xc11de7d40; teamID='N3F7PRGY83', teamName='(null)'>">
	<IDEDistributionContext: 0xc11d11900; archive = "<IDEArchive: 0xc144dc1c0>", distributionMethod="<IDEDistributionMethodiOSAppStoreDistribution: 0xc14638e20>", team="<IDEProvisioningBasicTeam: 0xc11de7d40; teamID='N3F7PRGY83', teamName='(null)'>">
	<IDEDistributionContext: 0xc11d11680; archive = "<IDEArchive: 0xc144dc1c0>", distributionMethod="<IDEDistributionMethodiOSAppStoreDistribution: 0xc14638e20>", team="<IDEProvisioningBasicTeam: 0xc11de7d40; teamID='N3F7PRGY83', teamName='(null)'>">
	<IDEDistributionContext: 0xc11d11400; archive = "<IDEArchive: 0xc144dc1c0>", distributionMethod="<IDEDistributionMethodiOSAppStoreDistribution: 0xc14638e20>", team="<IDEProvisioningBasicTeam: 0xc11de7d40; teamID='N3F7PRGY83', teamName='(null)'>">
	<IDEDistributionContext: 0xc11d11180; archive = "<IDEArchive: 0xc144dc1c0>", distributionMethod="<IDEDistributionMethodiOSAppStoreDistribution: 0xc14638e20>", team="<IDEProvisioningBasicTeam: 0xc11de7d40; teamID='N3F7PRGY83', teamName='(null)'>">
	<IDEDistributionContext: 0xc11d10f00; archive = "<IDEArchive: 0xc144dc1c0>", distributionMethod="<IDEDistributionMethodiOSAppStoreDistribution: 0xc14638e20>", team="<IDEProvisioningBasicTeam: 0xc11de7d40; teamID='N3F7PRGY83', teamName='(null)'>">
	<IDEDistributionContext: 0xc11d10c80; archive = "<IDEArchive: 0xc144dc1c0>", distributionMethod="<IDEDistributionMethodiOSAppStoreDistribution: 0xc14638e20>", team="<IDEProvisioningBasicTeam: 0xc11de7d40; teamID='N3F7PRGY83', teamName='(null)'>">
	<IDEDistributionContext: 0xc11d10a00; archive = "<IDEArchive: 0xc144dc1c0>", distributionMethod="<IDEDistributionMethodiOSAppStoreDistribution: 0xc14638e20>", team="<IDEProvisioningBasicTeam: 0xc11de7d40; teamID='N3F7PRGY83', teamName='(null)'>">
	<IDEDistributionContext: 0xc11d10780; archive = "<IDEArchive: 0xc144dc1c0>", distributionMethod="<IDEDistributionMethodiOSAppStoreDistribution: 0xc14638e20>", team="<IDEProvisioningBasicTeam: 0xc11de7d40; teamID='N3F7PRGY83', teamName='(null)'>">
	<IDEDistributionContext: 0xc11d10500; archive = "<IDEArchive: 0xc144dc1c0>", distributionMethod="<IDEDistributionMethodiOSAppStoreDistribution: 0xc14638e20>", team="<IDEProvisioningBasicTeam: 0xc11de7d40; teamID='N3F7PRGY83', teamName='(null)'>">
	<IDEDistributionContext: 0xc11d10280; archive = "<IDEArchive: 0xc144dc1c0>", distributionMethod="<IDEDistributionMethodiOSAppStoreDistribution: 0xc14638e20>", team="(null)">
	<IDEDistributionContext: 0xc11d10000; archive = "<IDEArchive: 0xc144dc1c0>", distributionMethod="<IDEDistributionMethodiOSAppStoreDistribution: 0xc14638e20>", team="(null)">
	<IDEDistributionContext: 0x10084e950; archive = "<IDEArchive: 0xc144dc1c0>", distributionMethod="(null)", team="(null)">
</IDEDistributionProcessingPipelineContext: 0xc11fac300>
2026-08-29 06:27:31 +0000 [MT] Processing step: IDEDistributionCreateDestRootStep
2026-08-29 06:27:31 +0000 [MT] Processing step: IDEDistributionCopyItemStep
2026-08-29 06:27:31 +0000 [MT] Running /usr/bin/ditto '-V' '/Users/timi16/Documents/Wheelersapp/ios/build/WheelersDriver.xcarchive/Products/Applications/WheelersDriver.app' '/var/folders/zb/4v4yvh392mn4ty6ns55343m40000gn/T/XcodeDistPipeline.~~~Tlxt12/Root/Payload/WheelersDriver.app'
2026-08-29 06:27:31 +0000  >>> Copying /Users/timi16/Documents/Wheelersapp/ios/build/WheelersDriver.xcarchive/Products/Applications/WheelersDriver.app 
2026-08-29 06:27:31 +0000  copying file ./_CodeSignature/CodeResources ... 
2026-08-29 06:27:31 +0000  111611 bytes for ./_CodeSignature/CodeResources
2026-08-29 06:27:31 +0000  copying file ./WheelersDriver ... 
2026-08-29 06:27:31 +0000  22598656 bytes for ./WheelersDriver
2026-08-29 06:27:31 +0000  copying file ./SplashScreen.storyboardc/EXPO-VIEWCONTROLLER-1-view-EXPO-ContainerView.nib ... 
2026-08-29 06:27:31 +0000  2107 bytes for ./SplashScreen.storyboardc/EXPO-VIEWCONTROLLER-1-view-EXPO-ContainerView.nib
2026-08-29 06:27:31 +0000  copying file ./SplashScreen.storyboardc/SplashScreenViewController.nib ... 
2026-08-29 06:27:31 +0000  1004 bytes for ./SplashScreen.storyboardc/SplashScreenViewController.nib
2026-08-29 06:27:31 +0000  copying file ./SplashScreen.storyboardc/Info.plist ... 
2026-08-29 06:27:31 +0000  225 bytes for ./SplashScreen.storyboardc/Info.plist
2026-08-29 06:27:31 +0000  copying file ./ExpoSystemUI_privacy.bundle/PrivacyInfo.xcprivacy ... 
2026-08-29 06:27:31 +0000  607 bytes for ./ExpoSystemUI_privacy.bundle/PrivacyInfo.xcprivacy
2026-08-29 06:27:31 +0000  copying file ./ExpoSystemUI_privacy.bundle/Info.plist ... 
2026-08-29 06:27:31 +0000  787 bytes for ./ExpoSystemUI_privacy.bundle/Info.plist
2026-08-29 06:27:31 +0000  copying file ./FBLPromises_Privacy.bundle/PrivacyInfo.xcprivacy ... 
2026-08-29 06:27:31 +0000  373 bytes for ./FBLPromises_Privacy.bundle/PrivacyInfo.xcprivacy
2026-08-29 06:27:31 +0000  copying file ./FBLPromises_Privacy.bundle/Info.plist ... 
2026-08-29 06:27:31 +0000  784 bytes for ./FBLPromises_Privacy.bundle/Info.plist
2026-08-29 06:27:31 +0000  copying file ./AppIcon60x60@2x.png ... 
2026-08-29 06:27:31 +0000  3900 bytes for ./AppIcon60x60@2x.png
2026-08-29 06:27:31 +0000  copying file ./ExpoConstants_privacy.bundle/PrivacyInfo.xcprivacy ... 
2026-08-29 06:27:31 +0000  607 bytes for ./ExpoConstants_privacy.bundle/PrivacyInfo.xcprivacy
2026-08-29 06:27:31 +0000  copying file ./ExpoConstants_privacy.bundle/Info.plist ... 
2026-08-29 06:27:31 +0000  791 bytes for ./ExpoConstants_privacy.bundle/Info.plist
2026-08-29 06:27:31 +0000  copying file ./GoogleMapsPrivacy.bundle/GoogleMapsPrivacy.bundle/PrivacyInfo.xcprivacy ... 
2026-08-29 06:27:31 +0000  3204 bytes for ./GoogleMapsPrivacy.bundle/GoogleMapsPrivacy.bundle/PrivacyInfo.xcprivacy
2026-08-29 06:27:31 +0000  copying file ./GoogleMapsPrivacy.bundle/Info.plist ... 
2026-08-29 06:27:31 +0000  780 bytes for ./GoogleMapsPrivacy.bundle/Info.plist
2026-08-29 06:27:31 +0000  copying file ./React-cxxreact_privacy.bundle/PrivacyInfo.xcprivacy ... 
2026-08-29 06:27:31 +0000  552 bytes for ./React-cxxreact_privacy.bundle/PrivacyInfo.xcprivacy
2026-08-29 06:27:31 +0000  copying file ./React-cxxreact_privacy.bundle/Info.plist ... 
2026-08-29 06:27:31 +0000  792 bytes for ./React-cxxreact_privacy.bundle/Info.plist
2026-08-29 06:27:31 +0000  copying file ./GTMAppAuth_Privacy.bundle/PrivacyInfo.xcprivacy ... 
2026-08-29 06:27:31 +0000  373 bytes for ./GTMAppAuth_Privacy.bundle/PrivacyInfo.xcprivacy
copying file ./GTMAppAuth_Privacy.bundle/Info.plist ... 
2026-08-29 06:27:31 +0000  783 bytes for ./GTMAppAuth_Privacy.bundle/Info.plist
2026-08-29 06:27:31 +0000  copying file ./ExpoApplication_privacy.bundle/PrivacyInfo.xcprivacy ... 
2026-08-29 06:27:31 +0000  608 bytes for ./ExpoApplication_privacy.bundle/PrivacyInfo.xcprivacy
2026-08-29 06:27:31 +0000  copying file ./ExpoApplication_privacy.bundle/Info.plist ... 
2026-08-29 06:27:31 +0000  793 bytes for ./ExpoApplication_privacy.bundle/Info.plist
2026-08-29 06:27:31 +0000  copying file ./GTMSessionFetcher_Core_Privacy.bundle/PrivacyInfo.xcprivacy ... 
2026-08-29 06:27:31 +0000  598 bytes for ./GTMSessionFetcher_Core_Privacy.bundle/PrivacyInfo.xcprivacy
2026-08-29 06:27:31 +0000  copying file ./GTMSessionFetcher_Core_Privacy.bundle/Info.plist ... 
2026-08-29 06:27:31 +0000  807 bytes for ./GTMSessionFetcher_Core_Privacy.bundle/Info.plist
2026-08-29 06:27:31 +0000  copying file ./GoogleSignIn.bundle/de.lproj/GoogleSignIn.strings ... 
2026-08-29 06:27:31 +0000  1703 bytes for ./GoogleSignIn.bundle/de.lproj/GoogleSignIn.strings
2026-08-29 06:27:31 +0000  copying file ./GoogleSignIn.bundle/he.lproj/GoogleSignIn.strings ... 
2026-08-29 06:27:31 +0000  1780 bytes for ./GoogleSignIn.bundle/he.lproj/GoogleSignIn.strings
2026-08-29 06:27:31 +0000  copying file ./GoogleSignIn.bundle/ar.lproj/GoogleSignIn.strings ... 
2026-08-29 06:27:31 +0000  1759 bytes for ./GoogleSignIn.bundle/ar.lproj/GoogleSignIn.strings
2026-08-29 06:27:31 +0000  copying file ./GoogleSignIn.bundle/el.lproj/GoogleSignIn.strings ... 
2026-08-29 06:27:31 +0000  2103 bytes for ./GoogleSignIn.bundle/el.lproj/GoogleSignIn.strings
2026-08-29 06:27:31 +0000  copying file ./GoogleSignIn.bundle/ja.lproj/GoogleSignIn.strings ... 
2026-08-29 06:27:31 +0000  1711 bytes for ./GoogleSignIn.bundle/ja.lproj/GoogleSignIn.strings
2026-08-29 06:27:31 +0000  copying file ./GoogleSignIn.bundle/en.lproj/GoogleSignIn.strings ... 
2026-08-29 06:27:31 +0000  1547 bytes for ./GoogleSignIn.bundle/en.lproj/GoogleSignIn.strings
2026-08-29 06:27:31 +0000  copying file ./GoogleSignIn.bundle/uk.lproj/GoogleSignIn.strings ... 
2026-08-29 06:27:31 +0000  1864 bytes for ./GoogleSignIn.bundle/uk.lproj/GoogleSignIn.strings
2026-08-29 06:27:31 +0000  copying file ./GoogleSignIn.bundle/es_MX.lproj/GoogleSignIn.strings ... 
2026-08-29 06:27:31 +0000  1607 bytes for ./GoogleSignIn.bundle/es_MX.lproj/GoogleSignIn.strings
2026-08-29 06:27:31 +0000  copying file ./GoogleSignIn.bundle/zh_CN.lproj/GoogleSignIn.strings ... 
2026-08-29 06:27:31 +0000  1489 bytes for ./GoogleSignIn.bundle/zh_CN.lproj/GoogleSignIn.strings
2026-08-29 06:27:31 +0000  copying file ./GoogleSignIn.bundle/nb.lproj/GoogleSignIn.strings ... 
2026-08-29 06:27:31 +0000  1593 bytes for ./GoogleSignIn.bundle/nb.lproj/GoogleSignIn.strings
2026-08-29 06:27:31 +0000  copying file ./GoogleSignIn.bundle/es.lproj/GoogleSignIn.strings ... 
2026-08-29 06:27:31 +0000  1678 bytes for ./GoogleSignIn.bundle/es.lproj/GoogleSignIn.strings
2026-08-29 06:27:31 +0000  copying file ./GoogleSignIn.bundle/pt_BR.lproj/GoogleSignIn.strings ... 
2026-08-29 06:27:31 +0000  1608 bytes for ./GoogleSignIn.bundle/pt_BR.lproj/GoogleSignIn.strings
2026-08-29 06:27:31 +0000  copying file ./GoogleSignIn.bundle/da.lproj/GoogleSignIn.strings ... 
2026-08-29 06:27:31 +0000  1611 bytes for ./GoogleSignIn.bundle/da.lproj/GoogleSignIn.strings
2026-08-29 06:27:31 +0000  copying file ./GoogleSignIn.bundle/it.lproj/GoogleSignIn.strings ... 
2026-08-29 06:27:31 +0000  1570 bytes for ./GoogleSignIn.bundle/it.lproj/GoogleSignIn.strings
2026-08-29 06:27:31 +0000  copying file ./GoogleSignIn.bundle/sk.lproj/GoogleSignIn.strings ... 
2026-08-29 06:27:31 +0000  1665 bytes for ./GoogleSignIn.bundle/sk.lproj/GoogleSignIn.strings
2026-08-29 06:27:31 +0000  copying file ./GoogleSignIn.bundle/pt_PT.lproj/GoogleSignIn.strings ... 
2026-08-29 06:27:31 +0000  1646 bytes for ./GoogleSignIn.bundle/pt_PT.lproj/GoogleSignIn.strings
2026-08-29 06:27:31 +0000  copying file ./GoogleSignIn.bundle/google@3x.png ... 
2026-08-29 06:27:31 +0000  1773 bytes for ./GoogleSignIn.bundle/google@3x.png
2026-08-29 06:27:31 +0000  copying file ./GoogleSignIn.bundle/ms.lproj/GoogleSignIn.strings ... 
2026-08-29 06:27:31 +0000  1565 bytes for ./GoogleSignIn.bundle/ms.lproj/GoogleSignIn.strings
2026-08-29 06:27:31 +0000  copying file ./GoogleSignIn.bundle/sv.lproj/GoogleSignIn.strings ... 
2026-08-29 06:27:31 +0000  1579 bytes for ./GoogleSignIn.bundle/sv.lproj/GoogleSignIn.strings
2026-08-29 06:27:31 +0000  copying file ./GoogleSignIn.bundle/cs.lproj/GoogleSignIn.strings ... 
2026-08-29 06:27:31 +0000  1615 bytes for ./GoogleSignIn.bundle/cs.lproj/GoogleSignIn.strings
2026-08-29 06:27:31 +0000  copying file ./GoogleSignIn.bundle/google@2x.png ... 
2026-08-29 06:27:31 +0000  1166 bytes for ./GoogleSignIn.bundle/google@2x.png
2026-08-29 06:27:31 +0000  copying file ./GoogleSignIn.bundle/ko.lproj/GoogleSignIn.strings ... 
2026-08-29 06:27:31 +0000  1634 bytes for ./GoogleSignIn.bundle/ko.lproj/GoogleSignIn.strings
2026-08-29 06:27:31 +0000  copying file ./GoogleSignIn.bundle/hu.lproj/GoogleSignIn.strings ... 
2026-08-29 06:27:31 +0000  1663 bytes for ./GoogleSignIn.bundle/hu.lproj/GoogleSignIn.strings
2026-08-29 06:27:31 +0000  copying file ./GoogleSignIn.bundle/tr.lproj/GoogleSignIn.strings ... 
2026-08-29 06:27:31 +0000  1596 bytes for ./GoogleSignIn.bundle/tr.lproj/GoogleSignIn.strings
2026-08-29 06:27:31 +0000  copying file ./GoogleSignIn.bundle/pl.lproj/GoogleSignIn.strings ... 
2026-08-29 06:27:31 +0000  1578 bytes for ./GoogleSignIn.bundle/pl.lproj/GoogleSignIn.strings
2026-08-29 06:27:31 +0000  copying file ./GoogleSignIn.bundle/zh_TW.lproj/GoogleSignIn.strings ... 
2026-08-29 06:27:31 +0000  1525 bytes for ./GoogleSignIn.bundle/zh_TW.lproj/GoogleSignIn.strings
2026-08-29 06:27:31 +0000  copying file ./GoogleSignIn.bundle/en_GB.lproj/GoogleSignIn.strings ... 
2026-08-29 06:27:31 +0000  1547 bytes for ./GoogleSignIn.bundle/en_GB.lproj/GoogleSignIn.strings
2026-08-29 06:27:31 +0000  copying file ./GoogleSignIn.bundle/vi.lproj/GoogleSignIn.strings ... 
2026-08-29 06:27:31 +0000  1717 bytes for ./GoogleSignIn.bundle/vi.lproj/GoogleSignIn.strings
2026-08-29 06:27:31 +0000  copying file ./GoogleSignIn.bundle/PrivacyInfo.xcprivacy ... 
2026-08-29 06:27:31 +0000  3756 bytes for ./GoogleSignIn.bundle/PrivacyInfo.xcprivacy
2026-08-29 06:27:31 +0000  copying file ./GoogleSignIn.bundle/ru.lproj/GoogleSignIn.strings ... 
2026-08-29 06:27:31 +0000  1954 bytes for ./GoogleSignIn.bundle/ru.lproj/GoogleSignIn.strings
2026-08-29 06:27:31 +0000  copying file ./GoogleSignIn.bundle/fr_CA.lproj/GoogleSignIn.strings ... 
2026-08-29 06:27:31 +0000  1657 bytes for ./GoogleSignIn.bundle/fr_CA.lproj/GoogleSignIn.strings
2026-08-29 06:27:31 +0000  copying file ./GoogleSignIn.bundle/fr.lproj/GoogleSignIn.strings ... 
2026-08-29 06:27:31 +0000  1676 bytes for ./GoogleSignIn.bundle/fr.lproj/GoogleSignIn.strings
2026-08-29 06:27:31 +0000  copying file ./GoogleSignIn.bundle/fi.lproj/GoogleSignIn.strings ... 
2026-08-29 06:27:31 +0000  1640 bytes for ./GoogleSignIn.bundle/fi.lproj/GoogleSignIn.strings
2026-08-29 06:27:31 +0000  copying file ./GoogleSignIn.bundle/id.lproj/GoogleSignIn.strings ... 
2026-08-29 06:27:31 +0000  1553 bytes for ./GoogleSignIn.bundle/id.lproj/GoogleSignIn.strings
2026-08-29 06:27:31 +0000  copying file ./GoogleSignIn.bundle/nl.lproj/GoogleSignIn.strings ... 
2026-08-29 06:27:31 +0000  1606 bytes for ./GoogleSignIn.bundle/nl.lproj/GoogleSignIn.strings
2026-08-29 06:27:31 +0000  copying file ./GoogleSignIn.bundle/th.lproj/GoogleSignIn.strings ... 
2026-08-29 06:27:31 +0000  2133 bytes for ./GoogleSignIn.bundle/th.lproj/GoogleSignIn.strings
2026-08-29 06:27:31 +0000  copying file ./GoogleSignIn.bundle/pt.lproj/GoogleSignIn.strings ... 
2026-08-29 06:27:31 +0000  1608 bytes for ./GoogleSignIn.bundle/pt.lproj/GoogleSignIn.strings
2026-08-29 06:27:31 +0000  copying file ./GoogleSignIn.bundle/google.png ... 
2026-08-29 06:27:31 +0000  643 bytes for ./GoogleSignIn.bundle/google.png
2026-08-29 06:27:31 +0000  copying file ./GoogleSignIn.bundle/Roboto-Bold.ttf ... 
2026-08-29 06:27:31 +0000  127744 bytes for ./GoogleSignIn.bundle/Roboto-Bold.ttf
2026-08-29 06:27:31 +0000  copying file ./GoogleSignIn.bundle/ro.lproj/GoogleSignIn.strings ... 
2026-08-29 06:27:31 +0000  1598 bytes for ./GoogleSignIn.bundle/ro.lproj/GoogleSignIn.strings
2026-08-29 06:27:31 +0000  copying file ./GoogleSignIn.bundle/Info.plist ... 
2026-08-29 06:27:31 +0000  769 bytes for ./GoogleSignIn.bundle/Info.plist
2026-08-29 06:27:31 +0000  copying file ./GoogleSignIn.bundle/hr.lproj/GoogleSignIn.strings ... 
2026-08-29 06:27:31 +0000  1621 bytes for ./GoogleSignIn.bundle/hr.lproj/GoogleSignIn.strings
2026-08-29 06:27:31 +0000  copying file ./GoogleSignIn.bundle/hi.lproj/GoogleSignIn.strings ... 
2026-08-29 06:27:31 +0000  2286 bytes for ./GoogleSignIn.bundle/hi.lproj/GoogleSignIn.strings
2026-08-29 06:27:31 +0000  copying file ./GoogleSignIn.bundle/ca.lproj/GoogleSignIn.strings ... 
2026-08-29 06:27:31 +0000  1669 bytes for ./GoogleSignIn.bundle/ca.lproj/GoogleSignIn.strings
2026-08-29 06:27:31 +0000  copying file ./Assets.car ... 
2026-08-29 06:27:31 +0000  293496 bytes for ./Assets.car
2026-08-29 06:27:31 +0000  copying file ./AppIcon76x76@2x~ipad.png ... 
2026-08-29 06:27:31 +0000  4881 bytes for ./AppIcon76x76@2x~ipad.png
2026-08-29 06:27:31 +0000  copying file ./AppAuthCore_Privacy.bundle/PrivacyInfo.xcprivacy ... 
2026-08-29 06:27:31 +0000  391 bytes for ./AppAuthCore_Privacy.bundle/PrivacyInfo.xcprivacy
2026-08-29 06:27:31 +0000  copying file ./AppAuthCore_Privacy.bundle/Info.plist ... 
2026-08-29 06:27:31 +0000  785 bytes for ./AppAuthCore_Privacy.bundle/Info.plist
2026-08-29 06:27:31 +0000  copying file ./GoogleUtilities_Privacy.bundle/PrivacyInfo.xcprivacy ... 
2026-08-29 06:27:31 +0000  1233 bytes for ./GoogleUtilities_Privacy.bundle/PrivacyInfo.xcprivacy
2026-08-29 06:27:31 +0000  copying file ./GoogleUtilities_Privacy.bundle/Info.plist ... 
2026-08-29 06:27:31 +0000  793 bytes for ./GoogleUtilities_Privacy.bundle/Info.plist
2026-08-29 06:27:31 +0000  copying file ./main.jsbundle ... 
2026-08-29 06:27:31 +0000  6629292 bytes for ./main.jsbundle
2026-08-29 06:27:31 +0000  copying file ./EXConstants.bundle/app.config ... 
2026-08-29 06:27:31 +0000  3606 bytes for ./EXConstants.bundle/app.config
2026-08-29 06:27:31 +0000  copying file ./EXConstants.bundle/Info.plist ... 
2026-08-29 06:27:31 +0000  769 bytes for ./EXConstants.bundle/Info.plist
2026-08-29 06:27:31 +0000  copying file ./SDWebImage.bundle/PrivacyInfo.xcprivacy ... 
2026-08-29 06:27:31 +0000  599 bytes for ./SDWebImage.bundle/PrivacyInfo.xcprivacy
2026-08-29 06:27:31 +0000  copying file ./SDWebImage.bundle/Info.plist ... 
2026-08-29 06:27:31 +0000  765 bytes for ./SDWebImage.bundle/Info.plist
2026-08-29 06:27:31 +0000  copying file ./PrivacyInfo.xcprivacy ... 
2026-08-29 06:27:31 +0000  1311 bytes for ./PrivacyInfo.xcprivacy
2026-08-29 06:27:31 +0000  copying file ./ExpoNotifications_privacy.bundle/PrivacyInfo.xcprivacy ... 
2026-08-29 06:27:31 +0000  607 bytes for ./ExpoNotifications_privacy.bundle/PrivacyInfo.xcprivacy
copying file ./ExpoNotifications_privacy.bundle/Info.plist ... 
2026-08-29 06:27:31 +0000  799 bytes for ./ExpoNotifications_privacy.bundle/Info.plist
2026-08-29 06:27:31 +0000  copying file ./RNSVGFilters.bundle/RNSVGArithmeticFilter.iphoneos.metallib ... 
2026-08-29 06:27:31 +0000  3993 bytes for ./RNSVGFilters.bundle/RNSVGArithmeticFilter.iphoneos.metallib
2026-08-29 06:27:31 +0000  copying file ./RNSVGFilters.bundle/RNSVGCompositeXor.iphoneos.metallib ... 
2026-08-29 06:27:31 +0000  3509 bytes for ./RNSVGFilters.bundle/RNSVGCompositeXor.iphoneos.metallib
2026-08-29 06:27:31 +0000  copying file ./RNSVGFilters.bundle/Info.plist ... 
2026-08-29 06:27:31 +0000  771 bytes for ./RNSVGFilters.bundle/Info.plist
2026-08-29 06:27:31 +0000  copying file ./ExpoFileSystem_privacy.bundle/PrivacyInfo.xcprivacy ... 
2026-08-29 06:27:31 +0000  877 bytes for ./ExpoFileSystem_privacy.bundle/PrivacyInfo.xcprivacy
2026-08-29 06:27:31 +0000  copying file ./ExpoFileSystem_privacy.bundle/Info.plist ... 
2026-08-29 06:27:31 +0000  793 bytes for ./ExpoFileSystem_privacy.bundle/Info.plist
2026-08-29 06:27:31 +0000  copying file ./ReactNativeMapsPrivacy.bundle/PrivacyInfo.xcprivacy ... 
2026-08-29 06:27:31 +0000  1209 bytes for ./ReactNativeMapsPrivacy.bundle/PrivacyInfo.xcprivacy
2026-08-29 06:27:31 +0000  copying file ./ReactNativeMapsPrivacy.bundle/Info.plist ... 
2026-08-29 06:27:31 +0000  792 bytes for ./ReactNativeMapsPrivacy.bundle/Info.plist
2026-08-29 06:27:31 +0000  copying file ./Frameworks/OpenSSL.framework/_CodeSignature/CodeResources ... 
2026-08-29 06:27:31 +0000  2034 bytes for ./Frameworks/OpenSSL.framework/_CodeSignature/CodeResources
2026-08-29 06:27:31 +0000  copying file ./Frameworks/OpenSSL.framework/PrivacyInfo.xcprivacy ... 
2026-08-29 06:27:31 +0000  373 bytes for ./Frameworks/OpenSSL.framework/PrivacyInfo.xcprivacy
2026-08-29 06:27:31 +0000  copying file ./Frameworks/OpenSSL.framework/OpenSSL ... 
2026-08-29 06:27:31 +0000  5113136 bytes for ./Frameworks/OpenSSL.framework/OpenSSL
2026-08-29 06:27:31 +0000  copying file ./Frameworks/OpenSSL.framework/Info.plist ... 
2026-08-29 06:27:31 +0000  765 bytes for ./Frameworks/OpenSSL.framework/Info.plist
2026-08-29 06:27:31 +0000  copying file ./Frameworks/React.framework/_CodeSignature/CodeResources ... 
2026-08-29 06:27:31 +0000  1798 bytes for ./Frameworks/React.framework/_CodeSignature/CodeResources
2026-08-29 06:27:31 +0000  copying file ./Frameworks/React.framework/React ... 
2026-08-29 06:27:31 +0000  11372576 bytes for ./Frameworks/React.framework/React
2026-08-29 06:27:31 +0000  copying file ./Frameworks/React.framework/Info.plist ... 
2026-08-29 06:27:31 +0000  749 bytes for ./Frameworks/React.framework/Info.plist
2026-08-29 06:27:31 +0000  copying file ./Frameworks/ReactNativeDependencies.framework/_CodeSignature/CodeResources ... 
2026-08-29 06:27:31 +0000  3548 bytes for ./Frameworks/ReactNativeDependencies.framework/_CodeSignature/CodeResources
2026-08-29 06:27:31 +0000  copying file ./Frameworks/ReactNativeDependencies.framework/ReactNativeDependencies_folly.bundle/PrivacyInfo.xcprivacy ... 
2026-08-29 06:27:31 +0000  552 bytes for ./Frameworks/ReactNativeDependencies.framework/ReactNativeDependencies_folly.bundle/PrivacyInfo.xcprivacy
2026-08-29 06:27:31 +0000  copying file ./Frameworks/ReactNativeDependencies.framework/ReactNativeDependencies_folly.bundle/Info.plist ... 
2026-08-29 06:27:31 +0000  690 bytes for ./Frameworks/ReactNativeDependencies.framework/ReactNativeDependencies_folly.bundle/Info.plist
2026-08-29 06:27:31 +0000  copying file ./Frameworks/ReactNativeDependencies.framework/ReactNativeDependencies ... 
2026-08-29 06:27:31 +0000  1287280 bytes for ./Frameworks/ReactNativeDependencies.framework/ReactNativeDependencies
2026-08-29 06:27:31 +0000  copying file ./Frameworks/ReactNativeDependencies.framework/ReactNativeDependencies_glog.bundle/PrivacyInfo.xcprivacy ... 
2026-08-29 06:27:31 +0000  552 bytes for ./Frameworks/ReactNativeDependencies.framework/ReactNativeDependencies_glog.bundle/PrivacyInfo.xcprivacy
2026-08-29 06:27:31 +0000  copying file ./Frameworks/ReactNativeDependencies.framework/ReactNativeDependencies_glog.bundle/Info.plist ... 
2026-08-29 06:27:31 +0000  688 bytes for ./Frameworks/ReactNativeDependencies.framework/ReactNativeDependencies_glog.bundle/Info.plist
2026-08-29 06:27:31 +0000  copying file ./Frameworks/ReactNativeDependencies.framework/ReactNativeDependencies_boost.bundle/PrivacyInfo.xcprivacy ... 
2026-08-29 06:27:31 +0000  776 bytes for ./Frameworks/ReactNativeDependencies.framework/ReactNativeDependencies_boost.bundle/PrivacyInfo.xcprivacy
2026-08-29 06:27:31 +0000  copying file ./Frameworks/ReactNativeDependencies.framework/ReactNativeDependencies_boost.bundle/Info.plist ... 
2026-08-29 06:27:31 +0000  690 bytes for ./Frameworks/ReactNativeDependencies.framework/ReactNativeDependencies_boost.bundle/Info.plist
2026-08-29 06:27:31 +0000  copying file ./Frameworks/ReactNativeDependencies.framework/Info.plist ... 
2026-08-29 06:27:31 +0000  782 bytes for ./Frameworks/ReactNativeDependencies.framework/Info.plist
2026-08-29 06:27:31 +0000  copying file ./Frameworks/hermes.framework/_CodeSignature/CodeResources ... 
2026-08-29 06:27:31 +0000  1798 bytes for ./Frameworks/hermes.framework/_CodeSignature/CodeResources
2026-08-29 06:27:31 +0000  copying file ./Frameworks/hermes.framework/hermes ... 
2026-08-29 06:27:31 +0000  4755616 bytes for ./Frameworks/hermes.framework/hermes
2026-08-29 06:27:31 +0000  copying file ./Frameworks/hermes.framework/Info.plist ... 
2026-08-29 06:27:31 +0000  859 bytes for ./Frameworks/hermes.framework/Info.plist
2026-08-29 06:27:31 +0000  copying file ./embedded.mobileprovision ... 
2026-08-29 06:27:31 +0000  12629 bytes for ./embedded.mobileprovision
2026-08-29 06:27:31 +0000  copying file ./assets/node_modules/@react-navigation/elements/lib/module/assets/back-icon@3x.png ... 
2026-08-29 06:27:31 +0000  761 bytes for ./assets/node_modules/@react-navigation/elements/lib/module/assets/back-icon@3x.png
2026-08-29 06:27:31 +0000  copying file ./assets/node_modules/@react-navigation/elements/lib/module/assets/back-icon@2x.png ... 
2026-08-29 06:27:31 +0000  405 bytes for ./assets/node_modules/@react-navigation/elements/lib/module/assets/back-icon@2x.png
2026-08-29 06:27:31 +0000  copying file ./assets/node_modules/@react-navigation/elements/lib/module/assets/search-icon@2x.png ... 
2026-08-29 06:27:31 +0000  589 bytes for ./assets/node_modules/@react-navigation/elements/lib/module/assets/search-icon@2x.png
2026-08-29 06:27:31 +0000  copying file ./assets/node_modules/@react-navigation/elements/lib/module/assets/clear-icon@3x.png ... 
2026-08-29 06:27:31 +0000  502 bytes for ./assets/node_modules/@react-navigation/elements/lib/module/assets/clear-icon@3x.png
2026-08-29 06:27:31 +0000  copying file ./assets/node_modules/@react-navigation/elements/lib/module/assets/back-icon.png ... 
2026-08-29 06:27:31 +0000  290 bytes for ./assets/node_modules/@react-navigation/elements/lib/module/assets/back-icon.png
2026-08-29 06:27:31 +0000  copying file ./assets/node_modules/@react-navigation/elements/lib/module/assets/clear-icon@2x.png ... 
2026-08-29 06:27:31 +0000  334 bytes for ./assets/node_modules/@react-navigation/elements/lib/module/assets/clear-icon@2x.png
2026-08-29 06:27:31 +0000  copying file ./assets/node_modules/@react-navigation/elements/lib/module/assets/search-icon@3x.png ... 
2026-08-29 06:27:31 +0000  839 bytes for ./assets/node_modules/@react-navigation/elements/lib/module/assets/search-icon@3x.png
2026-08-29 06:27:31 +0000  copying file ./assets/node_modules/@react-navigation/elements/lib/module/assets/close-icon.png ... 
2026-08-29 06:27:31 +0000  141 bytes for ./assets/node_modules/@react-navigation/elements/lib/module/assets/close-icon.png
2026-08-29 06:27:31 +0000  copying file ./assets/node_modules/@react-navigation/elements/lib/module/assets/back-icon-mask.png ... 
2026-08-29 06:27:31 +0000  653 bytes for ./assets/node_modules/@react-navigation/elements/lib/module/assets/back-icon-mask.png
2026-08-29 06:27:31 +0000  copying file ./assets/node_modules/@react-navigation/elements/lib/module/assets/close-icon@2x.png ... 
2026-08-29 06:27:31 +0000  201 bytes for ./assets/node_modules/@react-navigation/elements/lib/module/assets/close-icon@2x.png
2026-08-29 06:27:31 +0000  copying file ./assets/node_modules/@react-navigation/elements/lib/module/assets/close-icon@3x.png ... 
2026-08-29 06:27:31 +0000  266 bytes for ./assets/node_modules/@react-navigation/elements/lib/module/assets/close-icon@3x.png
2026-08-29 06:27:31 +0000  copying file ./assets/node_modules/@react-navigation/elements/lib/module/assets/clear-icon.png ... 
2026-08-29 06:27:31 +0000  220 bytes for ./assets/node_modules/@react-navigation/elements/lib/module/assets/clear-icon.png
2026-08-29 06:27:31 +0000  copying file ./assets/node_modules/@react-navigation/elements/lib/module/assets/search-icon.png ... 
2026-08-29 06:27:31 +0000  317 bytes for ./assets/node_modules/@react-navigation/elements/lib/module/assets/search-icon.png
2026-08-29 06:27:31 +0000  copying file ./assets/node_modules/@expo/vector-icons/build/vendor/react-native-vector-icons/Fonts/Fontisto.ttf ... 
2026-08-29 06:27:31 +0000  313528 bytes for ./assets/node_modules/@expo/vector-icons/build/vendor/react-native-vector-icons/Fonts/Fontisto.ttf
2026-08-29 06:27:31 +0000  copying file ./assets/node_modules/@expo/vector-icons/build/vendor/react-native-vector-icons/Fonts/Octicons.ttf ... 
2026-08-29 06:27:31 +0000  69436 bytes for ./assets/node_modules/@expo/vector-icons/build/vendor/react-native-vector-icons/Fonts/Octicons.ttf
2026-08-29 06:27:31 +0000  copying file ./assets/node_modules/@expo/vector-icons/build/vendor/react-native-vector-icons/Fonts/Feather.ttf ... 
2026-08-29 06:27:31 +0000  55596 bytes for ./assets/node_modules/@expo/vector-icons/build/vendor/react-native-vector-icons/Fonts/Feather.ttf
2026-08-29 06:27:31 +0000  copying file ./assets/node_modules/@expo/vector-icons/build/vendor/react-native-vector-icons/Fonts/FontAwesome6_Regular.ttf ... 
2026-08-29 06:27:31 +0000  67976 bytes for ./assets/node_modules/@expo/vector-icons/build/vendor/react-native-vector-icons/Fonts/FontAwesome6_Regular.ttf
2026-08-29 06:27:31 +0000  copying file ./assets/node_modules/@expo/vector-icons/build/vendor/react-native-vector-icons/Fonts/Entypo.ttf ... 
2026-08-29 06:27:31 +0000  66200 bytes for ./assets/node_modules/@expo/vector-icons/build/vendor/react-native-vector-icons/Fonts/Entypo.ttf
2026-08-29 06:27:31 +0000  copying file ./assets/node_modules/@expo/vector-icons/build/vendor/react-native-vector-icons/Fonts/FontAwesome5_Brands.ttf ... 
2026-08-29 06:27:31 +0000  134040 bytes for ./assets/node_modules/@expo/vector-icons/build/vendor/react-native-vector-icons/Fonts/FontAwesome5_Brands.ttf
2026-08-29 06:27:31 +0000  copying file ./assets/node_modules/@expo/vector-icons/build/vendor/react-native-vector-icons/Fonts/MaterialCommunityIcons.ttf ... 
2026-08-29 06:27:31 +0000  1307660 bytes for ./assets/node_modules/@expo/vector-icons/build/vendor/react-native-vector-icons/Fonts/MaterialCommunityIcons.ttf
2026-08-29 06:27:31 +0000  copying file ./assets/node_modules/@expo/vector-icons/build/vendor/react-native-vector-icons/Fonts/AntDesign.ttf ... 
2026-08-29 06:27:31 +0000  130484 bytes for ./assets/node_modules/@expo/vector-icons/build/vendor/react-native-vector-icons/Fonts/AntDesign.ttf
2026-08-29 06:27:31 +0000  copying file ./assets/node_modules/@expo/vector-icons/build/vendor/react-native-vector-icons/Fonts/Foundation.ttf ... 
2026-08-29 06:27:31 +0000  56976 bytes for ./assets/node_modules/@expo/vector-icons/build/vendor/react-native-vector-icons/Fonts/Foundation.ttf
2026-08-29 06:27:31 +0000  copying file ./assets/node_modules/@expo/vector-icons/build/vendor/react-native-vector-icons/Fonts/Ionicons.ttf ... 
2026-08-29 06:27:31 +0000  389724 bytes for ./assets/node_modules/@expo/vector-icons/build/vendor/react-native-vector-icons/Fonts/Ionicons.ttf
2026-08-29 06:27:31 +0000  copying file ./assets/node_modules/@expo/vector-icons/build/vendor/react-native-vector-icons/Fonts/FontAwesome5_Solid.ttf ... 
2026-08-29 06:27:31 +0000  202744 bytes for ./assets/node_modules/@expo/vector-icons/build/vendor/react-native-vector-icons/Fonts/FontAwesome5_Solid.ttf
2026-08-29 06:27:31 +0000  copying file ./assets/node_modules/@expo/vector-icons/build/vendor/react-native-vector-icons/Fonts/FontAwesome5_Regular.ttf ... 
2026-08-29 06:27:31 +0000  33736 bytes for ./assets/node_modules/@expo/vector-icons/build/vendor/react-native-vector-icons/Fonts/FontAwesome5_Regular.ttf
2026-08-29 06:27:31 +0000  copying file ./assets/node_modules/@expo/vector-icons/build/vendor/react-native-vector-icons/Fonts/FontAwesome.ttf ... 
2026-08-29 06:27:31 +0000  165548 bytes for ./assets/node_modules/@expo/vector-icons/build/vendor/react-native-vector-icons/Fonts/FontAwesome.ttf
2026-08-29 06:27:31 +0000  copying file ./assets/node_modules/@expo/vector-icons/build/vendor/react-native-vector-icons/Fonts/Zocial.ttf ... 
2026-08-29 06:27:31 +0000  25788 bytes for ./assets/node_modules/@expo/vector-icons/build/vendor/react-native-vector-icons/Fonts/Zocial.ttf
2026-08-29 06:27:31 +0000  copying file ./assets/node_modules/@expo/vector-icons/build/vendor/react-native-vector-icons/Fonts/EvilIcons.ttf ... 
2026-08-29 06:27:31 +0000  13456 bytes for ./assets/node_modules/@expo/vector-icons/build/vendor/react-native-vector-icons/Fonts/EvilIcons.ttf
2026-08-29 06:27:31 +0000  copying file ./assets/node_modules/@expo/vector-icons/build/vendor/react-native-vector-icons/Fonts/FontAwesome6_Solid.ttf ... 
2026-08-29 06:27:31 +0000  423676 bytes for ./assets/node_modules/@expo/vector-icons/build/vendor/react-native-vector-icons/Fonts/FontAwesome6_Solid.ttf
2026-08-29 06:27:31 +0000  copying file ./assets/node_modules/@expo/vector-icons/build/vendor/react-native-vector-icons/Fonts/SimpleLineIcons.ttf ... 
2026-08-29 06:27:31 +0000  54056 bytes for ./assets/node_modules/@expo/vector-icons/build/vendor/react-native-vector-icons/Fonts/SimpleLineIcons.ttf
copying file ./assets/node_modules/@expo/vector-icons/build/vendor/react-native-vector-icons/Fonts/FontAwesome6_Brands.ttf ... 
2026-08-29 06:27:31 +0000  209376 bytes for ./assets/node_modules/@expo/vector-icons/build/vendor/react-native-vector-icons/Fonts/FontAwesome6_Brands.ttf
2026-08-29 06:27:31 +0000  copying file ./assets/node_modules/@expo/vector-icons/build/vendor/react-native-vector-icons/Fonts/MaterialIcons.ttf ... 
2026-08-29 06:27:31 +0000  356840 bytes for ./assets/node_modules/@expo/vector-icons/build/vendor/react-native-vector-icons/Fonts/MaterialIcons.ttf
2026-08-29 06:27:31 +0000  copying file ./assets/node_modules/expo-router/assets/pkg.png ... 
2026-08-29 06:27:31 +0000  364 bytes for ./assets/node_modules/expo-router/assets/pkg.png
2026-08-29 06:27:31 +0000  copying file ./assets/node_modules/expo-router/assets/unmatched.png ... 
2026-08-29 06:27:31 +0000  4752 bytes for ./assets/node_modules/expo-router/assets/unmatched.png
2026-08-29 06:27:31 +0000  copying file ./assets/node_modules/expo-router/assets/file.png ... 
2026-08-29 06:27:31 +0000  138 bytes for ./assets/node_modules/expo-router/assets/file.png
2026-08-29 06:27:31 +0000  copying file ./assets/node_modules/expo-router/assets/forward.png ... 
2026-08-29 06:27:31 +0000  188 bytes for ./assets/node_modules/expo-router/assets/forward.png
2026-08-29 06:27:31 +0000  copying file ./assets/node_modules/expo-router/assets/error.png ... 
2026-08-29 06:27:31 +0000  469 bytes for ./assets/node_modules/expo-router/assets/error.png
2026-08-29 06:27:31 +0000  copying file ./assets/node_modules/expo-router/assets/sitemap.png ... 
2026-08-29 06:27:31 +0000  465 bytes for ./assets/node_modules/expo-router/assets/sitemap.png
2026-08-29 06:27:31 +0000  copying file ./assets/node_modules/expo-router/assets/arrow_down.png ... 
2026-08-29 06:27:31 +0000  9456 bytes for ./assets/node_modules/expo-router/assets/arrow_down.png
2026-08-29 06:27:31 +0000  copying file ./assets/assets/images/splash-wordmark-light.png ... 
2026-08-29 06:27:31 +0000  111475 bytes for ./assets/assets/images/splash-wordmark-light.png
2026-08-29 06:27:31 +0000  copying file ./assets/assets/images/splash-wordmark-dark.png ... 
2026-08-29 06:27:31 +0000  152038 bytes for ./assets/assets/images/splash-wordmark-dark.png
2026-08-29 06:27:31 +0000  copying file ./assets/assets/sounds/ride-request.wav ... 
2026-08-29 06:27:31 +0000  132344 bytes for ./assets/assets/sounds/ride-request.wav
2026-08-29 06:27:31 +0000  copying file ./assets/assets/fonts/ClashDisplay-Semibold.ttf ... 
2026-08-29 06:27:31 +0000  45620 bytes for ./assets/assets/fonts/ClashDisplay-Semibold.ttf
2026-08-29 06:27:31 +0000  copying file ./assets/assets/fonts/ClashDisplay-Medium.ttf ... 
2026-08-29 06:27:31 +0000  45660 bytes for ./assets/assets/fonts/ClashDisplay-Medium.ttf
2026-08-29 06:27:31 +0000  copying file ./assets/assets/fonts/ClashDisplay-Regular.ttf ... 
2026-08-29 06:27:31 +0000  45484 bytes for ./assets/assets/fonts/ClashDisplay-Regular.ttf
2026-08-29 06:27:31 +0000  copying file ./assets/assets/fonts/ClashDisplay-Bold.ttf ... 
2026-08-29 06:27:31 +0000  45436 bytes for ./assets/assets/fonts/ClashDisplay-Bold.ttf
2026-08-29 06:27:31 +0000  copying file ./assets/assets/fonts/Shrikhand-Regular.ttf ... 
2026-08-29 06:27:31 +0000  220804 bytes for ./assets/assets/fonts/Shrikhand-Regular.ttf
2026-08-29 06:27:31 +0000  copying file ./GoogleMapsResources.bundle/GoogleMaps.bundle/bubble_left@3x.png ... 
2026-08-29 06:27:31 +0000  2386 bytes for ./GoogleMapsResources.bundle/GoogleMaps.bundle/bubble_left@3x.png
2026-08-29 06:27:31 +0000  copying file ./GoogleMapsResources.bundle/GoogleMaps.bundle/bubble_left.png ... 
2026-08-29 06:27:31 +0000  451 bytes for ./GoogleMapsResources.bundle/GoogleMaps.bundle/bubble_left.png
2026-08-29 06:27:31 +0000  copying file ./GoogleMapsResources.bundle/GoogleMaps.bundle/bubble_left@2x.png ... 
2026-08-29 06:27:31 +0000  1055 bytes for ./GoogleMapsResources.bundle/GoogleMaps.bundle/bubble_left@2x.png
2026-08-29 06:27:31 +0000  copying file ./GoogleMapsResources.bundle/GoogleMaps.bundle/bubble_right@3x.png ... 
2026-08-29 06:27:31 +0000  2374 bytes for ./GoogleMapsResources.bundle/GoogleMaps.bundle/bubble_right@3x.png
2026-08-29 06:27:31 +0000  copying file ./GoogleMapsResources.bundle/GoogleMaps.bundle/ic_error.png ... 
2026-08-29 06:27:31 +0000  236 bytes for ./GoogleMapsResources.bundle/GoogleMaps.bundle/ic_error.png
2026-08-29 06:27:31 +0000  copying file ./GoogleMapsResources.bundle/GoogleMaps.bundle/bubble_right@2x.png ... 
2026-08-29 06:27:31 +0000  1051 bytes for ./GoogleMapsResources.bundle/GoogleMaps.bundle/bubble_right@2x.png
2026-08-29 06:27:31 +0000  copying file ./GoogleMapsResources.bundle/GoogleMaps.bundle/GMSCoreResources.bundle/de.lproj/GMSCore.strings ... 
2026-08-29 06:27:31 +0000  4308 bytes for ./GoogleMapsResources.bundle/GoogleMaps.bundle/GMSCoreResources.bundle/de.lproj/GMSCore.strings
2026-08-29 06:27:31 +0000  copying file ./GoogleMapsResources.bundle/GoogleMaps.bundle/GMSCoreResources.bundle/he.lproj/GMSCore.strings ... 
2026-08-29 06:27:31 +0000  4436 bytes for ./GoogleMapsResources.bundle/GoogleMaps.bundle/GMSCoreResources.bundle/he.lproj/GMSCore.strings
2026-08-29 06:27:31 +0000  copying file ./GoogleMapsResources.bundle/GoogleMaps.bundle/GMSCoreResources.bundle/en_AU.lproj/GMSCore.strings ... 
2026-08-29 06:27:31 +0000  4078 bytes for ./GoogleMapsResources.bundle/GoogleMaps.bundle/GMSCoreResources.bundle/en_AU.lproj/GMSCore.strings
2026-08-29 06:27:31 +0000  copying file ./GoogleMapsResources.bundle/GoogleMaps.bundle/GMSCoreResources.bundle/ic_covid_medical_waypoint_alert_32pt@2x.png ... 
2026-08-29 06:27:31 +0000  943 bytes for ./GoogleMapsResources.bundle/GoogleMaps.bundle/GMSCoreResources.bundle/ic_covid_medical_waypoint_alert_32pt@2x.png
2026-08-29 06:27:31 +0000  copying file ./GoogleMapsResources.bundle/GoogleMaps.bundle/GMSCoreResources.bundle/ar.lproj/GMSCore.strings ... 
2026-08-29 06:27:31 +0000  5230 bytes for ./GoogleMapsResources.bundle/GoogleMaps.bundle/GMSCoreResources.bundle/ar.lproj/GMSCore.strings
2026-08-29 06:27:31 +0000  copying file ./GoogleMapsResources.bundle/GoogleMaps.bundle/GMSCoreResources.bundle/el.lproj/GMSCore.strings ... 
2026-08-29 06:27:31 +0000  4694 bytes for ./GoogleMapsResources.bundle/GoogleMaps.bundle/GMSCoreResources.bundle/el.lproj/GMSCore.strings
2026-08-29 06:27:31 +0000  copying file ./GoogleMapsResources.bundle/GoogleMaps.bundle/GMSCoreResources.bundle/ja.lproj/GMSCore.strings ... 
2026-08-29 06:27:31 +0000  3880 bytes for ./GoogleMapsResources.bundle/GoogleMaps.bundle/GMSCoreResources.bundle/ja.lproj/GMSCore.strings
2026-08-29 06:27:31 +0000  copying file ./GoogleMapsResources.bundle/GoogleMaps.bundle/GMSCoreResources.bundle/ic_covid_checkpoint_waypoint_alert_night_32pt.png ... 
2026-08-29 06:27:31 +0000  602 bytes for ./GoogleMapsResources.bundle/GoogleMaps.bundle/GMSCoreResources.bundle/ic_covid_checkpoint_waypoint_alert_night_32pt.png
2026-08-29 06:27:31 +0000  copying file ./GoogleMapsResources.bundle/GoogleMaps.bundle/GMSCoreResources.bundle/sq.lproj/GMSCore.strings ... 
2026-08-29 06:27:31 +0000  4410 bytes for ./GoogleMapsResources.bundle/GoogleMaps.bundle/GMSCoreResources.bundle/sq.lproj/GMSCore.strings
2026-08-29 06:27:31 +0000  copying file ./GoogleMapsResources.bundle/GoogleMaps.bundle/GMSCoreResources.bundle/ic_qu_direction_mylocation@2x.png ... 
2026-08-29 06:27:31 +0000  663 bytes for ./GoogleMapsResources.bundle/GoogleMaps.bundle/GMSCoreResources.bundle/ic_qu_direction_mylocation@2x.png
2026-08-29 06:27:31 +0000  copying file ./GoogleMapsResources.bundle/GoogleMaps.bundle/GMSCoreResources.bundle/en.lproj/GMSCore.strings ... 
2026-08-29 06:27:31 +0000  4061 bytes for ./GoogleMapsResources.bundle/GoogleMaps.bundle/GMSCoreResources.bundle/en.lproj/GMSCore.strings
2026-08-29 06:27:31 +0000  copying file ./GoogleMapsResources.bundle/GoogleMaps.bundle/GMSCoreResources.bundle/ic_covid_border_waypoint_alert_32pt.png ... 
2026-08-29 06:27:31 +0000  422 bytes for ./GoogleMapsResources.bundle/GoogleMaps.bundle/GMSCoreResources.bundle/ic_covid_border_waypoint_alert_32pt.png
2026-08-29 06:27:31 +0000  copying file ./GoogleMapsResources.bundle/GoogleMaps.bundle/GMSCoreResources.bundle/uk.lproj/GMSCore.strings ... 
2026-08-29 06:27:31 +0000  4963 bytes for ./GoogleMapsResources.bundle/GoogleMaps.bundle/GMSCoreResources.bundle/uk.lproj/GMSCore.strings
2026-08-29 06:27:31 +0000  copying file ./GoogleMapsResources.bundle/GoogleMaps.bundle/GMSCoreResources.bundle/ic_qu_direction_mylocation.png ... 
2026-08-29 06:27:31 +0000  362 bytes for ./GoogleMapsResources.bundle/GoogleMaps.bundle/GMSCoreResources.bundle/ic_qu_direction_mylocation.png
2026-08-29 06:27:31 +0000  copying file ./GoogleMapsResources.bundle/GoogleMaps.bundle/GMSCoreResources.bundle/es_419.lproj/GMSCore.strings ... 
2026-08-29 06:27:31 +0000  4376 bytes for ./GoogleMapsResources.bundle/GoogleMaps.bundle/GMSCoreResources.bundle/es_419.lproj/GMSCore.strings
2026-08-29 06:27:31 +0000  copying file ./GoogleMapsResources.bundle/GoogleMaps.bundle/GMSCoreResources.bundle/GMSSprites-0-1x.png ... 
2026-08-29 06:27:31 +0000  13906 bytes for ./GoogleMapsResources.bundle/GoogleMaps.bundle/GMSCoreResources.bundle/GMSSprites-0-1x.png
2026-08-29 06:27:31 +0000  copying file ./GoogleMapsResources.bundle/GoogleMaps.bundle/GMSCoreResources.bundle/ic_compass_needle_large@2x.png ... 
2026-08-29 06:27:31 +0000  2446 bytes for ./GoogleMapsResources.bundle/GoogleMaps.bundle/GMSCoreResources.bundle/ic_compass_needle_large@2x.png
2026-08-29 06:27:31 +0000  copying file ./GoogleMapsResources.bundle/GoogleMaps.bundle/GMSCoreResources.bundle/ic_compass_needle_large@3x.png ... 
2026-08-29 06:27:31 +0000  3304 bytes for ./GoogleMapsResources.bundle/GoogleMaps.bundle/GMSCoreResources.bundle/ic_compass_needle_large@3x.png
2026-08-29 06:27:31 +0000  copying file ./GoogleMapsResources.bundle/GoogleMaps.bundle/GMSCoreResources.bundle/es_MX.lproj/GMSCore.strings ... 
2026-08-29 06:27:31 +0000  4376 bytes for ./GoogleMapsResources.bundle/GoogleMaps.bundle/GMSCoreResources.bundle/es_MX.lproj/GMSCore.strings
2026-08-29 06:27:31 +0000  copying file ./GoogleMapsResources.bundle/GoogleMaps.bundle/GMSCoreResources.bundle/ic_compass_needle_large.png ... 
2026-08-29 06:27:31 +0000  1114 bytes for ./GoogleMapsResources.bundle/GoogleMaps.bundle/GMSCoreResources.bundle/ic_compass_needle_large.png
2026-08-29 06:27:31 +0000  copying file ./GoogleMapsResources.bundle/GoogleMaps.bundle/GMSCoreResources.bundle/zh_CN.lproj/GMSCore.strings ... 
2026-08-29 06:27:31 +0000  3871 bytes for ./GoogleMapsResources.bundle/GoogleMaps.bundle/GMSCoreResources.bundle/zh_CN.lproj/GMSCore.strings
2026-08-29 06:27:31 +0000  copying file ./GoogleMapsResources.bundle/GoogleMaps.bundle/GMSCoreResources.bundle/ic_qu_direction_mylocation@3x.png ... 
2026-08-29 06:27:31 +0000  1240 bytes for ./GoogleMapsResources.bundle/GoogleMaps.bundle/GMSCoreResources.bundle/ic_qu_direction_mylocation@3x.png
2026-08-29 06:27:31 +0000  copying file ./GoogleMapsResources.bundle/GoogleMaps.bundle/GMSCoreResources.bundle/DroidSansMerged-Regular.ttf ... 
2026-08-29 06:27:31 +0000  392092 bytes for ./GoogleMapsResources.bundle/GoogleMaps.bundle/GMSCoreResources.bundle/DroidSansMerged-Regular.ttf
2026-08-29 06:27:31 +0000  copying file ./GoogleMapsResources.bundle/GoogleMaps.bundle/GMSCoreResources.bundle/nb.lproj/GMSCore.strings ... 
2026-08-29 06:27:31 +0000  4211 bytes for ./GoogleMapsResources.bundle/GoogleMaps.bundle/GMSCoreResources.bundle/nb.lproj/GMSCore.strings
2026-08-29 06:27:31 +0000  copying file ./GoogleMapsResources.bundle/GoogleMaps.bundle/GMSCoreResources.bundle/es.lproj/GMSCore.strings ... 
2026-08-29 06:27:31 +0000  4377 bytes for ./GoogleMapsResources.bundle/GoogleMaps.bundle/GMSCoreResources.bundle/es.lproj/GMSCore.strings
2026-08-29 06:27:31 +0000  copying file ./GoogleMapsResources.bundle/GoogleMaps.bundle/GMSCoreResources.bundle/sw.lproj/GMSCore.strings ... 
2026-08-29 06:27:31 +0000  4171 bytes for ./GoogleMapsResources.bundle/GoogleMaps.bundle/GMSCoreResources.bundle/sw.lproj/GMSCore.strings
2026-08-29 06:27:31 +0000  copying file ./GoogleMapsResources.bundle/GoogleMaps.bundle/GMSCoreResources.bundle/ic_covid_medical_waypoint_alert_32pt@3x.png ... 
2026-08-29 06:27:31 +0000  1203 bytes for ./GoogleMapsResources.bundle/GoogleMaps.bundle/GMSCoreResources.bundle/ic_covid_medical_waypoint_alert_32pt@3x.png
2026-08-29 06:27:31 +0000  copying file ./GoogleMapsResources.bundle/GoogleMaps.bundle/GMSCoreResources.bundle/pt_BR.lproj/GMSCore.strings ... 
2026-08-29 06:27:31 +0000  4388 bytes for ./GoogleMapsResources.bundle/GoogleMaps.bundle/GMSCoreResources.bundle/pt_BR.lproj/GMSCore.strings
2026-08-29 06:27:31 +0000  copying file ./GoogleMapsResources.bundle/GoogleMaps.bundle/GMSCoreResources.bundle/da.lproj/GMSCore.strings ... 
2026-08-29 06:27:31 +0000  4321 bytes for ./GoogleMapsResources.bundle/GoogleMaps.bundle/GMSCoreResources.bundle/da.lproj/GMSCore.strings
2026-08-29 06:27:31 +0000  copying file ./GoogleMapsResources.bundle/GoogleMaps.bundle/GMSCoreResources.bundle/ic_location_off@3x.png ... 
2026-08-29 06:27:31 +0000  1577 bytes for ./GoogleMapsResources.bundle/GoogleMaps.bundle/GMSCoreResources.bundle/ic_location_off@3x.png
2026-08-29 06:27:31 +0000  copying file ./GoogleMapsResources.bundle/GoogleMaps.bundle/GMSCoreResources.bundle/it.lproj/GMSCore.strings ... 
2026-08-29 06:27:31 +0000  4115 bytes for ./GoogleMapsResources.bundle/GoogleMaps.bundle/GMSCoreResources.bundle/it.lproj/GMSCore.strings
2026-08-29 06:27:31 +0000  copying file ./GoogleMapsResources.bundle/GoogleMaps.bundle/GMSCoreResources.bundle/sk.lproj/GMSCore.strings ... 
2026-08-29 06:27:31 +0000  4441 bytes for ./GoogleMapsResources.bundle/GoogleMaps.bundle/GMSCoreResources.bundle/sk.lproj/GMSCore.strings
2026-08-29 06:27:31 +0000  copying file ./GoogleMapsResources.bundle/GoogleMaps.bundle/GMSCoreResources.bundle/GMSNavSprites-0-3x.png ... 
2026-08-29 06:27:31 +0000  20924 bytes for ./GoogleMapsResources.bundle/GoogleMaps.bundle/GMSCoreResources.bundle/GMSNavSprites-0-3x.png
2026-08-29 06:27:31 +0000  copying file ./GoogleMapsResources.bundle/GoogleMaps.bundle/GMSCoreResources.bundle/pt_PT.lproj/GMSCore.strings ... 
2026-08-29 06:27:31 +0000  4389 bytes for ./GoogleMapsResources.bundle/GoogleMaps.bundle/GMSCoreResources.bundle/pt_PT.lproj/GMSCore.strings
2026-08-29 06:27:31 +0000  copying file ./GoogleMapsResources.bundle/GoogleMaps.bundle/GMSCoreResources.bundle/button_compass_night.png ... 
2026-08-29 06:27:31 +0000  720 bytes for ./GoogleMapsResources.bundle/GoogleMaps.bundle/GMSCoreResources.bundle/button_compass_night.png
2026-08-29 06:27:31 +0000  copying file ./GoogleMapsResources.bundle/GoogleMaps.bundle/GMSCoreResources.bundle/button_my_location.png ... 
2026-08-29 06:27:31 +0000  492 bytes for ./GoogleMapsResources.bundle/GoogleMaps.bundle/GMSCoreResources.bundle/button_my_location.png
2026-08-29 06:27:31 +0000  copying file ./GoogleMapsResources.bundle/GoogleMaps.bundle/GMSCoreResources.bundle/road_16-4.png ... 
2026-08-29 06:27:31 +0000  127 bytes for ./GoogleMapsResources.bundle/GoogleMaps.bundle/GMSCoreResources.bundle/road_16-4.png
2026-08-29 06:27:31 +0000  copying file ./GoogleMapsResources.bundle/GoogleMaps.bundle/GMSCoreResources.bundle/sr.lproj/GMSCore.strings ... 
2026-08-29 06:27:31 +0000  4754 bytes for ./GoogleMapsResources.bundle/GoogleMaps.bundle/GMSCoreResources.bundle/sr.lproj/GMSCore.strings
2026-08-29 06:27:31 +0000  copying file ./GoogleMapsResources.bundle/GoogleMaps.bundle/GMSCoreResources.bundle/ms.lproj/GMSCore.strings ... 
2026-08-29 06:27:31 +0000  4033 bytes for ./GoogleMapsResources.bundle/GoogleMaps.bundle/GMSCoreResources.bundle/ms.lproj/GMSCore.strings
2026-08-29 06:27:31 +0000  copying file ./GoogleMapsResources.bundle/GoogleMaps.bundle/GMSCoreResources.bundle/road_256-64.png ... 
2026-08-29 06:27:31 +0000  1934 bytes for ./GoogleMapsResources.bundle/GoogleMaps.bundle/GMSCoreResources.bundle/road_256-64.png
2026-08-29 06:27:31 +0000  copying file ./GoogleMapsResources.bundle/GoogleMaps.bundle/GMSCoreResources.bundle/button_compass.png ... 
2026-08-29 06:27:31 +0000  631 bytes for ./GoogleMapsResources.bundle/GoogleMaps.bundle/GMSCoreResources.bundle/button_compass.png
2026-08-29 06:27:31 +0000  copying file ./GoogleMapsResources.bundle/GoogleMaps.bundle/GMSCoreResources.bundle/sv.lproj/GMSCore.strings ... 
2026-08-29 06:27:31 +0000  4451 bytes for ./GoogleMapsResources.bundle/GoogleMaps.bundle/GMSCoreResources.bundle/sv.lproj/GMSCore.strings
2026-08-29 06:27:31 +0000  copying file ./GoogleMapsResources.bundle/GoogleMaps.bundle/GMSCoreResources.bundle/road_8-2.png ... 
2026-08-29 06:27:31 +0000  93 bytes for ./GoogleMapsResources.bundle/GoogleMaps.bundle/GMSCoreResources.bundle/road_8-2.png
2026-08-29 06:27:31 +0000  copying file ./GoogleMapsResources.bundle/GoogleMaps.bundle/GMSCoreResources.bundle/ic_closed_place_waypoint_alert_32pt.png ... 
2026-08-29 06:27:31 +0000  494 bytes for ./GoogleMapsResources.bundle/GoogleMaps.bundle/GMSCoreResources.bundle/ic_closed_place_waypoint_alert_32pt.png
2026-08-29 06:27:31 +0000  copying file ./GoogleMapsResources.bundle/GoogleMaps.bundle/GMSCoreResources.bundle/cs.lproj/GMSCore.strings ... 
2026-08-29 06:27:31 +0000  4667 bytes for ./GoogleMapsResources.bundle/GoogleMaps.bundle/GMSCoreResources.bundle/cs.lproj/GMSCore.strings
2026-08-29 06:27:31 +0000  copying file ./GoogleMapsResources.bundle/GoogleMaps.bundle/GMSCoreResources.bundle/button_background.png ... 
2026-08-29 06:27:31 +0000  334 bytes for ./GoogleMapsResources.bundle/GoogleMaps.bundle/GMSCoreResources.bundle/button_background.png
2026-08-29 06:27:31 +0000  copying file ./GoogleMapsResources.bundle/GoogleMaps.bundle/GMSCoreResources.bundle/GMSNavNightModeSprites-0-1x.png ... 
2026-08-29 06:27:31 +0000  3393 bytes for ./GoogleMapsResources.bundle/GoogleMaps.bundle/GMSCoreResources.bundle/GMSNavNightModeSprites-0-1x.png
2026-08-29 06:27:31 +0000  copying file ./GoogleMapsResources.bundle/GoogleMaps.bundle/GMSCoreResources.bundle/button_my_location@2x.png ... 
2026-08-29 06:27:31 +0000  1229 bytes for ./GoogleMapsResources.bundle/GoogleMaps.bundle/GMSCoreResources.bundle/button_my_location@2x.png
2026-08-29 06:27:31 +0000  copying file ./GoogleMapsResources.bundle/GoogleMaps.bundle/GMSCoreResources.bundle/en_IN.lproj/GMSCore.strings ... 
2026-08-29 06:27:31 +0000  4078 bytes for ./GoogleMapsResources.bundle/GoogleMaps.bundle/GMSCoreResources.bundle/en_IN.lproj/GMSCore.strings
2026-08-29 06:27:31 +0000  copying file ./GoogleMapsResources.bundle/GoogleMaps.bundle/GMSCoreResources.bundle/ko.lproj/GMSCore.strings ... 
2026-08-29 06:27:31 +0000  3904 bytes for ./GoogleMapsResources.bundle/GoogleMaps.bundle/GMSCoreResources.bundle/ko.lproj/GMSCore.strings
2026-08-29 06:27:31 +0000  copying file ./GoogleMapsResources.bundle/GoogleMaps.bundle/GMSCoreResources.bundle/GMSNavSprites-0-2x.png ... 
2026-08-29 06:27:31 +0000  13321 bytes for ./GoogleMapsResources.bundle/GoogleMaps.bundle/GMSCoreResources.bundle/GMSNavSprites-0-2x.png
2026-08-29 06:27:31 +0000  copying file ./GoogleMapsResources.bundle/GoogleMaps.bundle/GMSCoreResources.bundle/hy.lproj/GMSCore.strings ... 
2026-08-29 06:27:31 +0000  4312 bytes for ./GoogleMapsResources.bundle/GoogleMaps.bundle/GMSCoreResources.bundle/hy.lproj/GMSCore.strings
2026-08-29 06:27:31 +0000  copying file ./GoogleMapsResources.bundle/GoogleMaps.bundle/GMSCoreResources.bundle/ic_location_off@2x.png ... 
2026-08-29 06:27:31 +0000  860 bytes for ./GoogleMapsResources.bundle/GoogleMaps.bundle/GMSCoreResources.bundle/ic_location_off@2x.png
2026-08-29 06:27:31 +0000  copying file ./GoogleMapsResources.bundle/GoogleMaps.bundle/GMSCoreResources.bundle/my.lproj/GMSCore.strings ... 
2026-08-29 06:27:31 +0000  4524 bytes for ./GoogleMapsResources.bundle/GoogleMaps.bundle/GMSCoreResources.bundle/my.lproj/GMSCore.strings
2026-08-29 06:27:31 +0000  copying file ./GoogleMapsResources.bundle/GoogleMaps.bundle/GMSCoreResources.bundle/ic_covid_checkpoint_waypoint_alert_32pt@2x.png ... 
2026-08-29 06:27:31 +0000  1373 bytes for ./GoogleMapsResources.bundle/GoogleMaps.bundle/GMSCoreResources.bundle/ic_covid_checkpoint_waypoint_alert_32pt@2x.png
2026-08-29 06:27:31 +0000  copying file ./GoogleMapsResources.bundle/GoogleMaps.bundle/GMSCoreResources.bundle/GMSNavSprites-0-1x.png ... 
2026-08-29 06:27:31 +0000  5684 bytes for ./GoogleMapsResources.bundle/GoogleMaps.bundle/GMSCoreResources.bundle/GMSNavSprites-0-1x.png
2026-08-29 06:27:31 +0000  copying file ./GoogleMapsResources.bundle/GoogleMaps.bundle/GMSCoreResources.bundle/Tharlon-Regular.ttf ... 
2026-08-29 06:27:31 +0000  353228 bytes for ./GoogleMapsResources.bundle/GoogleMaps.bundle/GMSCoreResources.bundle/Tharlon-Regular.ttf
2026-08-29 06:27:31 +0000  copying file ./GoogleMapsResources.bundle/GoogleMaps.bundle/GMSCoreResources.bundle/hu.lproj/GMSCore.strings ... 
2026-08-29 06:27:31 +0000  4195 bytes for ./GoogleMapsResources.bundle/GoogleMaps.bundle/GMSCoreResources.bundle/hu.lproj/GMSCore.strings
2026-08-29 06:27:31 +0000  copying file ./GoogleMapsResources.bundle/GoogleMaps.bundle/GMSCoreResources.bundle/zh_HK.lproj/GMSCore.strings ... 
2026-08-29 06:27:31 +0000  3832 bytes for ./GoogleMapsResources.bundle/GoogleMaps.bundle/GMSCoreResources.bundle/zh_HK.lproj/GMSCore.strings
2026-08-29 06:27:31 +0000  copying file ./GoogleMapsResources.bundle/GoogleMaps.bundle/GMSCoreResources.bundle/road_4-1.png ... 
2026-08-29 06:27:31 +0000  74 bytes for ./GoogleMapsResources.bundle/GoogleMaps.bundle/GMSCoreResources.bundle/road_4-1.png
2026-08-29 06:27:31 +0000  copying file ./GoogleMapsResources.bundle/GoogleMaps.bundle/GMSCoreResources.bundle/ka.lproj/GMSCore.strings ... 
2026-08-29 06:27:31 +0000  4322 bytes for ./GoogleMapsResources.bundle/GoogleMaps.bundle/GMSCoreResources.bundle/ka.lproj/GMSCore.strings
2026-08-29 06:27:31 +0000  copying file ./GoogleMapsResources.bundle/GoogleMaps.bundle/GMSCoreResources.bundle/button_background@2x.png ... 
2026-08-29 06:27:31 +0000  433 bytes for ./GoogleMapsResources.bundle/GoogleMaps.bundle/GMSCoreResources.bundle/button_background@2x.png
2026-08-29 06:27:31 +0000  copying file ./GoogleMapsResources.bundle/GoogleMaps.bundle/GMSCoreResources.bundle/ic_compass_needle_32pt.png ... 
2026-08-29 06:27:31 +0000  742 bytes for ./GoogleMapsResources.bundle/GoogleMaps.bundle/GMSCoreResources.bundle/ic_compass_needle_32pt.png
2026-08-29 06:27:31 +0000  copying file ./GoogleMapsResources.bundle/GoogleMaps.bundle/GMSCoreResources.bundle/ic_compass_needle@2x.png ... 
2026-08-29 06:27:31 +0000  992 bytes for ./GoogleMapsResources.bundle/GoogleMaps.bundle/GMSCoreResources.bundle/ic_compass_needle@2x.png
2026-08-29 06:27:31 +0000  copying file ./GoogleMapsResources.bundle/GoogleMaps.bundle/GMSCoreResources.bundle/Assets.car ... 
2026-08-29 06:27:31 +0000  48575 bytes for ./GoogleMapsResources.bundle/GoogleMaps.bundle/GMSCoreResources.bundle/Assets.car
2026-08-29 06:27:31 +0000  copying file ./GoogleMapsResources.bundle/GoogleMaps.bundle/GMSCoreResources.bundle/tr.lproj/GMSCore.strings ... 
2026-08-29 06:27:31 +0000  4175 bytes for ./GoogleMapsResources.bundle/GoogleMaps.bundle/GMSCoreResources.bundle/tr.lproj/GMSCore.strings
2026-08-29 06:27:31 +0000  copying file ./GoogleMapsResources.bundle/GoogleMaps.bundle/GMSCoreResources.bundle/pl.lproj/GMSCore.strings ... 
2026-08-29 06:27:31 +0000  4491 bytes for ./GoogleMapsResources.bundle/GoogleMaps.bundle/GMSCoreResources.bundle/pl.lproj/GMSCore.strings
2026-08-29 06:27:31 +0000  copying file ./GoogleMapsResources.bundle/GoogleMaps.bundle/GMSCoreResources.bundle/zh_TW.lproj/GMSCore.strings ... 
2026-08-29 06:27:31 +0000  3857 bytes for ./GoogleMapsResources.bundle/GoogleMaps.bundle/GMSCoreResources.bundle/zh_TW.lproj/GMSCore.strings
2026-08-29 06:27:31 +0000  copying file ./GoogleMapsResources.bundle/GoogleMaps.bundle/GMSCoreResources.bundle/ic_closed_place_waypoint_alert_32pt@3x.png ... 
2026-08-29 06:27:31 +0000  1643 bytes for ./GoogleMapsResources.bundle/GoogleMaps.bundle/GMSCoreResources.bundle/ic_closed_place_waypoint_alert_32pt@3x.png
2026-08-29 06:27:31 +0000  copying file ./GoogleMapsResources.bundle/GoogleMaps.bundle/GMSCoreResources.bundle/GMSNavNightModeSprites-0-2x.png ... 
2026-08-29 06:27:31 +0000  7660 bytes for ./GoogleMapsResources.bundle/GoogleMaps.bundle/GMSCoreResources.bundle/GMSNavNightModeSprites-0-2x.png
2026-08-29 06:27:31 +0000  copying file ./GoogleMapsResources.bundle/GoogleMaps.bundle/GMSCoreResources.bundle/GMSNavNightModeSprites-0-3x.png ... 
2026-08-29 06:27:31 +0000  12519 bytes for ./GoogleMapsResources.bundle/GoogleMaps.bundle/GMSCoreResources.bundle/GMSNavNightModeSprites-0-3x.png
2026-08-29 06:27:31 +0000  copying file ./GoogleMapsResources.bundle/GoogleMaps.bundle/GMSCoreResources.bundle/ic_closed_place_waypoint_alert_32pt@2x.png ... 
2026-08-29 06:27:31 +0000  1210 bytes for ./GoogleMapsResources.bundle/GoogleMaps.bundle/GMSCoreResources.bundle/ic_closed_place_waypoint_alert_32pt@2x.png
2026-08-29 06:27:31 +0000  copying file ./GoogleMapsResources.bundle/GoogleMaps.bundle/GMSCoreResources.bundle/en_GB.lproj/GMSCore.strings ... 
2026-08-29 06:27:31 +0000  4078 bytes for ./GoogleMapsResources.bundle/GoogleMaps.bundle/GMSCoreResources.bundle/en_GB.lproj/GMSCore.strings
2026-08-29 06:27:31 +0000  copying file ./GoogleMapsResources.bundle/GoogleMaps.bundle/GMSCoreResources.bundle/dav_one_way_16_256.png ... 
2026-08-29 06:27:31 +0000  315 bytes for ./GoogleMapsResources.bundle/GoogleMaps.bundle/GMSCoreResources.bundle/dav_one_way_16_256.png
2026-08-29 06:27:31 +0000  copying file ./GoogleMapsResources.bundle/GoogleMaps.bundle/GMSCoreResources.bundle/road_2-1.png ... 
2026-08-29 06:27:31 +0000  84 bytes for ./GoogleMapsResources.bundle/GoogleMaps.bundle/GMSCoreResources.bundle/road_2-1.png
2026-08-29 06:27:31 +0000  copying file ./GoogleMapsResources.bundle/GoogleMaps.bundle/GMSCoreResources.bundle/vi.lproj/GMSCore.strings ... 
2026-08-29 06:27:31 +0000  4232 bytes for ./GoogleMapsResources.bundle/GoogleMaps.bundle/GMSCoreResources.bundle/vi.lproj/GMSCore.strings
2026-08-29 06:27:31 +0000  copying file ./GoogleMapsResources.bundle/GoogleMaps.bundle/GMSCoreResources.bundle/button_background@3x.png ... 
2026-08-29 06:27:31 +0000  515 bytes for ./GoogleMapsResources.bundle/GoogleMaps.bundle/GMSCoreResources.bundle/button_background@3x.png
2026-08-29 06:27:31 +0000  copying file ./GoogleMapsResources.bundle/GoogleMaps.bundle/GMSCoreResources.bundle/road_32-8.png ... 
2026-08-29 06:27:31 +0000  223 bytes for ./GoogleMapsResources.bundle/GoogleMaps.bundle/GMSCoreResources.bundle/road_32-8.png
2026-08-29 06:27:31 +0000  copying file ./GoogleMapsResources.bundle/GoogleMaps.bundle/GMSCoreResources.bundle/lv.lproj/GMSCore.strings ... 
2026-08-29 06:27:31 +0000  4617 bytes for ./GoogleMapsResources.bundle/GoogleMaps.bundle/GMSCoreResources.bundle/lv.lproj/GMSCore.strings
2026-08-29 06:27:31 +0000  copying file ./GoogleMapsResources.bundle/GoogleMaps.bundle/GMSCoreResources.bundle/lt.lproj/GMSCore.strings ... 
2026-08-29 06:27:31 +0000  4321 bytes for ./GoogleMapsResources.bundle/GoogleMaps.bundle/GMSCoreResources.bundle/lt.lproj/GMSCore.strings
2026-08-29 06:27:31 +0000  copying file ./GoogleMapsResources.bundle/GoogleMaps.bundle/GMSCoreResources.bundle/ru.lproj/GMSCore.strings ... 
2026-08-29 06:27:31 +0000  4771 bytes for ./GoogleMapsResources.bundle/GoogleMaps.bundle/GMSCoreResources.bundle/ru.lproj/GMSCore.strings
2026-08-29 06:27:31 +0000  copying file ./GoogleMapsResources.bundle/GoogleMaps.bundle/GMSCoreResources.bundle/GMSShaders.metallib ... 
2026-08-29 06:27:31 +0000  305549 bytes for ./GoogleMapsResources.bundle/GoogleMaps.bundle/GMSCoreResources.bundle/GMSShaders.metallib
2026-08-29 06:27:31 +0000  copying file ./GoogleMapsResources.bundle/GoogleMaps.bundle/GMSCoreResources.bundle/polyline_colors_texture_dim.png ... 
2026-08-29 06:27:31 +0000  7485 bytes for ./GoogleMapsResources.bundle/GoogleMaps.bundle/GMSCoreResources.bundle/polyline_colors_texture_dim.png
2026-08-29 06:27:31 +0000  copying file ./GoogleMapsResources.bundle/GoogleMaps.bundle/GMSCoreResources.bundle/ic_covid_checkpoint_waypoint_alert_32pt@3x.png ... 
2026-08-29 06:27:31 +0000  1826 bytes for ./GoogleMapsResources.bundle/GoogleMaps.bundle/GMSCoreResources.bundle/ic_covid_checkpoint_waypoint_alert_32pt@3x.png
2026-08-29 06:27:31 +0000  copying file ./GoogleMapsResources.bundle/GoogleMaps.bundle/GMSCoreResources.bundle/ic_closed_place_waypoint_alert_night_32pt.png ... 
2026-08-29 06:27:31 +0000  435 bytes for ./GoogleMapsResources.bundle/GoogleMaps.bundle/GMSCoreResources.bundle/ic_closed_place_waypoint_alert_night_32pt.png
2026-08-29 06:27:31 +0000  copying file ./GoogleMapsResources.bundle/GoogleMaps.bundle/GMSCoreResources.bundle/fr_CA.lproj/GMSCore.strings ... 
2026-08-29 06:27:31 +0000  4335 bytes for ./GoogleMapsResources.bundle/GoogleMaps.bundle/GMSCoreResources.bundle/fr_CA.lproj/GMSCore.strings
2026-08-29 06:27:31 +0000  copying file ./GoogleMapsResources.bundle/GoogleMaps.bundle/GMSCoreResources.bundle/ic_covid_checkpoint_waypoint_alert_night_32pt@3x.png ... 
2026-08-29 06:27:31 +0000  1841 bytes for ./GoogleMapsResources.bundle/GoogleMaps.bundle/GMSCoreResources.bundle/ic_covid_checkpoint_waypoint_alert_night_32pt@3x.png
2026-08-29 06:27:31 +0000  copying file ./GoogleMapsResources.bundle/GoogleMaps.bundle/GMSCoreResources.bundle/ic_compass_needle_32pt@2x.png ... 
2026-08-29 06:27:31 +0000  1360 bytes for ./GoogleMapsResources.bundle/GoogleMaps.bundle/GMSCoreResources.bundle/ic_compass_needle_32pt@2x.png
2026-08-29 06:27:31 +0000  copying file ./GoogleMapsResources.bundle/GoogleMaps.bundle/GMSCoreResources.bundle/road_128-32.png ... 
2026-08-29 06:27:31 +0000  1029 bytes for ./GoogleMapsResources.bundle/GoogleMaps.bundle/GMSCoreResources.bundle/road_128-32.png
2026-08-29 06:27:31 +0000  copying file ./GoogleMapsResources.bundle/GoogleMaps.bundle/GMSCoreResources.bundle/uz.lproj/GMSCore.strings ... 
2026-08-29 06:27:31 +0000  4071 bytes for ./GoogleMapsResources.bundle/GoogleMaps.bundle/GMSCoreResources.bundle/uz.lproj/GMSCore.strings
2026-08-29 06:27:31 +0000  copying file ./GoogleMapsResources.bundle/GoogleMaps.bundle/GMSCoreResources.bundle/ic_covid_medical_waypoint_alert_32pt.png ... 
2026-08-29 06:27:31 +0000  441 bytes for ./GoogleMapsResources.bundle/GoogleMaps.bundle/GMSCoreResources.bundle/ic_covid_medical_waypoint_alert_32pt.png
2026-08-29 06:27:31 +0000  copying file ./GoogleMapsResources.bundle/GoogleMaps.bundle/GMSCoreResources.bundle/fr.lproj/GMSCore.strings ... 
2026-08-29 06:27:31 +0000  4633 bytes for ./GoogleMapsResources.bundle/GoogleMaps.bundle/GMSCoreResources.bundle/fr.lproj/GMSCore.strings
2026-08-29 06:27:31 +0000  copying file ./GoogleMapsResources.bundle/GoogleMaps.bundle/GMSCoreResources.bundle/fi.lproj/GMSCore.strings ... 
2026-08-29 06:27:31 +0000  4286 bytes for ./GoogleMapsResources.bundle/GoogleMaps.bundle/GMSCoreResources.bundle/fi.lproj/GMSCore.strings
2026-08-29 06:27:31 +0000  copying file ./GoogleMapsResources.bundle/GoogleMaps.bundle/GMSCoreResources.bundle/id.lproj/GMSCore.strings ... 
2026-08-29 06:27:31 +0000  3954 bytes for ./GoogleMapsResources.bundle/GoogleMaps.bundle/GMSCoreResources.bundle/id.lproj/GMSCore.strings
2026-08-29 06:27:31 +0000  copying file ./GoogleMapsResources.bundle/GoogleMaps.bundle/GMSCoreResources.bundle/nl.lproj/GMSCore.strings ... 
2026-08-29 06:27:31 +0000  4144 bytes for ./GoogleMapsResources.bundle/GoogleMaps.bundle/GMSCoreResources.bundle/nl.lproj/GMSCore.strings
2026-08-29 06:27:31 +0000  copying file ./GoogleMapsResources.bundle/GoogleMaps.bundle/GMSCoreResources.bundle/th.lproj/GMSCore.strings ... 
2026-08-29 06:27:31 +0000  4157 bytes for ./GoogleMapsResources.bundle/GoogleMaps.bundle/GMSCoreResources.bundle/th.lproj/GMSCore.strings
2026-08-29 06:27:31 +0000  copying file ./GoogleMapsResources.bundle/GoogleMaps.bundle/GMSCoreResources.bundle/ic_covid_medical_waypoint_alert_night_32pt@3x.png ... 
2026-08-29 06:27:31 +0000  1066 bytes for ./GoogleMapsResources.bundle/GoogleMaps.bundle/GMSCoreResources.bundle/ic_covid_medical_waypoint_alert_night_32pt@3x.png
2026-08-29 06:27:31 +0000  copying file ./GoogleMapsResources.bundle/GoogleMaps.bundle/GMSCoreResources.bundle/az.lproj/GMSCore.strings ... 
2026-08-29 06:27:31 +0000  4228 bytes for ./GoogleMapsResources.bundle/GoogleMaps.bundle/GMSCoreResources.bundle/az.lproj/GMSCore.strings
2026-08-29 06:27:31 +0000  copying file ./GoogleMapsResources.bundle/GoogleMaps.bundle/GMSCoreResources.bundle/road_64-16.png ... 
2026-08-29 06:27:31 +0000  425 bytes for ./GoogleMapsResources.bundle/GoogleMaps.bundle/GMSCoreResources.bundle/road_64-16.png
2026-08-29 06:27:31 +0000  copying file ./GoogleMapsResources.bundle/GoogleMaps.bundle/GMSCoreResources.bundle/GMSSprites-0-3x.png ... 
2026-08-29 06:27:31 +0000  61437 bytes for ./GoogleMapsResources.bundle/GoogleMaps.bundle/GMSCoreResources.bundle/GMSSprites-0-3x.png
2026-08-29 06:27:31 +0000  copying file ./GoogleMapsResources.bundle/GoogleMaps.bundle/GMSCoreResources.bundle/polyline_colors_texture.png ... 
2026-08-29 06:27:31 +0000  7433 bytes for ./GoogleMapsResources.bundle/GoogleMaps.bundle/GMSCoreResources.bundle/polyline_colors_texture.png
2026-08-29 06:27:31 +0000  copying file ./GoogleMapsResources.bundle/GoogleMaps.bundle/GMSCoreResources.bundle/ic_compass_needle.png ... 
2026-08-29 06:27:31 +0000  483 bytes for ./GoogleMapsResources.bundle/GoogleMaps.bundle/GMSCoreResources.bundle/ic_compass_needle.png
2026-08-29 06:27:31 +0000  copying file ./GoogleMapsResources.bundle/GoogleMaps.bundle/GMSCoreResources.bundle/pt.lproj/GMSCore.strings ... 
2026-08-29 06:27:31 +0000  4388 bytes for ./GoogleMapsResources.bundle/GoogleMaps.bundle/GMSCoreResources.bundle/pt.lproj/GMSCore.strings
2026-08-29 06:27:31 +0000  copying file ./GoogleMapsResources.bundle/GoogleMaps.bundle/GMSCoreResources.bundle/GMSShadersSim.metallib ... 
2026-08-29 06:27:31 +0000  307182 bytes for ./GoogleMapsResources.bundle/GoogleMaps.bundle/GMSCoreResources.bundle/GMSShadersSim.metallib
2026-08-29 06:27:31 +0000  copying file ./GoogleMapsResources.bundle/GoogleMaps.bundle/GMSCoreResources.bundle/ic_covid_border_waypoint_alert_32pt@2x.png ... 
2026-08-29 06:27:31 +0000  1012 bytes for ./GoogleMapsResources.bundle/GoogleMaps.bundle/GMSCoreResources.bundle/ic_covid_border_waypoint_alert_32pt@2x.png
2026-08-29 06:27:31 +0000  copying file ./GoogleMapsResources.bundle/GoogleMaps.bundle/GMSCoreResources.bundle/ic_closed_place_waypoint_alert_night_32pt@2x.png ... 
2026-08-29 06:27:31 +0000  1069 bytes for ./GoogleMapsResources.bundle/GoogleMaps.bundle/GMSCoreResources.bundle/ic_closed_place_waypoint_alert_night_32pt@2x.png
2026-08-29 06:27:31 +0000  copying file ./GoogleMapsResources.bundle/GoogleMaps.bundle/GMSCoreResources.bundle/road_1-1.png ... 
2026-08-29 06:27:31 +0000  95 bytes for ./GoogleMapsResources.bundle/GoogleMaps.bundle/GMSCoreResources.bundle/road_1-1.png
2026-08-29 06:27:31 +0000  copying file ./GoogleMapsResources.bundle/GoogleMaps.bundle/GMSCoreResources.bundle/ic_location_off.png ... 
2026-08-29 06:27:31 +0000  498 bytes for ./GoogleMapsResources.bundle/GoogleMaps.bundle/GMSCoreResources.bundle/ic_location_off.png
copying file ./GoogleMapsResources.bundle/GoogleMaps.bundle/GMSCoreResources.bundle/ic_covid_border_waypoint_alert_32pt@3x.png ... 
2026-08-29 06:27:31 +0000  1353 bytes for ./GoogleMapsResources.bundle/GoogleMaps.bundle/GMSCoreResources.bundle/ic_covid_border_waypoint_alert_32pt@3x.png
2026-08-29 06:27:31 +0000  copying file ./GoogleMapsResources.bundle/GoogleMaps.bundle/GMSCoreResources.bundle/ic_closed_place_waypoint_alert_night_32pt@3x.png ... 
2026-08-29 06:27:31 +0000  1472 bytes for ./GoogleMapsResources.bundle/GoogleMaps.bundle/GMSCoreResources.bundle/ic_closed_place_waypoint_alert_night_32pt@3x.png
2026-08-29 06:27:31 +0000  copying file ./GoogleMapsResources.bundle/GoogleMaps.bundle/GMSCoreResources.bundle/ro.lproj/GMSCore.strings ... 
2026-08-29 06:27:31 +0000  4491 bytes for ./GoogleMapsResources.bundle/GoogleMaps.bundle/GMSCoreResources.bundle/ro.lproj/GMSCore.strings
2026-08-29 06:27:31 +0000  copying file ./GoogleMapsResources.bundle/GoogleMaps.bundle/GMSCoreResources.bundle/Info.plist ... 
2026-08-29 06:27:31 +0000  359 bytes for ./GoogleMapsResources.bundle/GoogleMaps.bundle/GMSCoreResources.bundle/Info.plist
2026-08-29 06:27:31 +0000  copying file ./GoogleMapsResources.bundle/GoogleMaps.bundle/GMSCoreResources.bundle/GMSSprites-0-2x.png ... 
2026-08-29 06:27:31 +0000  40485 bytes for ./GoogleMapsResources.bundle/GoogleMaps.bundle/GMSCoreResources.bundle/GMSSprites-0-2x.png
2026-08-29 06:27:31 +0000  copying file ./GoogleMapsResources.bundle/GoogleMaps.bundle/GMSCoreResources.bundle/ic_covid_medical_waypoint_alert_night_32pt.png ... 
2026-08-29 06:27:31 +0000  382 bytes for ./GoogleMapsResources.bundle/GoogleMaps.bundle/GMSCoreResources.bundle/ic_covid_medical_waypoint_alert_night_32pt.png
2026-08-29 06:27:31 +0000  copying file ./GoogleMapsResources.bundle/GoogleMaps.bundle/GMSCoreResources.bundle/ic_covid_checkpoint_waypoint_alert_32pt.png ... 
2026-08-29 06:27:31 +0000  601 bytes for ./GoogleMapsResources.bundle/GoogleMaps.bundle/GMSCoreResources.bundle/ic_covid_checkpoint_waypoint_alert_32pt.png
2026-08-29 06:27:31 +0000  copying file ./GoogleMapsResources.bundle/GoogleMaps.bundle/GMSCoreResources.bundle/ic_covid_medical_waypoint_alert_night_32pt@2x.png ... 
2026-08-29 06:27:31 +0000  825 bytes for ./GoogleMapsResources.bundle/GoogleMaps.bundle/GMSCoreResources.bundle/ic_covid_medical_waypoint_alert_night_32pt@2x.png
2026-08-29 06:27:31 +0000  copying file ./GoogleMapsResources.bundle/GoogleMaps.bundle/GMSCoreResources.bundle/button_compass_night@2x.png ... 
2026-08-29 06:27:31 +0000  2221 bytes for ./GoogleMapsResources.bundle/GoogleMaps.bundle/GMSCoreResources.bundle/button_compass_night@2x.png
2026-08-29 06:27:31 +0000  copying file ./GoogleMapsResources.bundle/GoogleMaps.bundle/GMSCoreResources.bundle/button_compass@2x.png ... 
2026-08-29 06:27:31 +0000  2560 bytes for ./GoogleMapsResources.bundle/GoogleMaps.bundle/GMSCoreResources.bundle/button_compass@2x.png
2026-08-29 06:27:31 +0000  copying file ./GoogleMapsResources.bundle/GoogleMaps.bundle/GMSCoreResources.bundle/hr.lproj/GMSCore.strings ... 
2026-08-29 06:27:31 +0000  4264 bytes for ./GoogleMapsResources.bundle/GoogleMaps.bundle/GMSCoreResources.bundle/hr.lproj/GMSCore.strings
2026-08-29 06:27:31 +0000  copying file ./GoogleMapsResources.bundle/GoogleMaps.bundle/GMSCoreResources.bundle/hi.lproj/GMSCore.strings ... 
2026-08-29 06:27:31 +0000  4242 bytes for ./GoogleMapsResources.bundle/GoogleMaps.bundle/GMSCoreResources.bundle/hi.lproj/GMSCore.strings
2026-08-29 06:27:31 +0000  copying file ./GoogleMapsResources.bundle/GoogleMaps.bundle/GMSCoreResources.bundle/ca.lproj/GMSCore.strings ... 
2026-08-29 06:27:31 +0000  4274 bytes for ./GoogleMapsResources.bundle/GoogleMaps.bundle/GMSCoreResources.bundle/ca.lproj/GMSCore.strings
2026-08-29 06:27:31 +0000  copying file ./GoogleMapsResources.bundle/GoogleMaps.bundle/GMSCoreResources.bundle/ic_compass_needle_32pt@3x.png ... 
2026-08-29 06:27:31 +0000  1962 bytes for ./GoogleMapsResources.bundle/GoogleMaps.bundle/GMSCoreResources.bundle/ic_compass_needle_32pt@3x.png
2026-08-29 06:27:31 +0000  copying file ./GoogleMapsResources.bundle/GoogleMaps.bundle/GMSCoreResources.bundle/ic_covid_checkpoint_waypoint_alert_night_32pt@2x.png ... 
2026-08-29 06:27:31 +0000  1380 bytes for ./GoogleMapsResources.bundle/GoogleMaps.bundle/GMSCoreResources.bundle/ic_covid_checkpoint_waypoint_alert_night_32pt@2x.png
2026-08-29 06:27:31 +0000  copying file ./GoogleMapsResources.bundle/GoogleMaps.bundle/ic_error@3x.png ... 
2026-08-29 06:27:31 +0000  743 bytes for ./GoogleMapsResources.bundle/GoogleMaps.bundle/ic_error@3x.png
copying file ./GoogleMapsResources.bundle/GoogleMaps.bundle/oss_licenses_maps.txt.gz ... 
2026-08-29 06:27:31 +0000  173531 bytes for ./GoogleMapsResources.bundle/GoogleMaps.bundle/oss_licenses_maps.txt.gz
2026-08-29 06:27:31 +0000  copying file ./GoogleMapsResources.bundle/GoogleMaps.bundle/Assets.car ... 
2026-08-29 06:27:31 +0000  43967 bytes for ./GoogleMapsResources.bundle/GoogleMaps.bundle/Assets.car
2026-08-29 06:27:31 +0000  copying file ./GoogleMapsResources.bundle/GoogleMaps.bundle/bubble_right.png ... 
2026-08-29 06:27:31 +0000  455 bytes for ./GoogleMapsResources.bundle/GoogleMaps.bundle/bubble_right.png
2026-08-29 06:27:31 +0000  copying file ./GoogleMapsResources.bundle/GoogleMaps.bundle/ic_error@2x.png ... 
2026-08-29 06:27:31 +0000  454 bytes for ./GoogleMapsResources.bundle/GoogleMaps.bundle/ic_error@2x.png
2026-08-29 06:27:31 +0000  copying file ./GoogleMapsResources.bundle/GoogleMaps.bundle/GMSCacheStorage.momd/Storage.mom ... 
2026-08-29 06:27:31 +0000  4696 bytes for ./GoogleMapsResources.bundle/GoogleMaps.bundle/GMSCacheStorage.momd/Storage.mom
2026-08-29 06:27:31 +0000  copying file ./GoogleMapsResources.bundle/GoogleMaps.bundle/GMSCacheStorage.momd/VersionInfo.plist ... 
2026-08-29 06:27:31 +0000  1197 bytes for ./GoogleMapsResources.bundle/GoogleMaps.bundle/GMSCacheStorage.momd/VersionInfo.plist
2026-08-29 06:27:31 +0000  copying file ./GoogleMapsResources.bundle/GoogleMaps.bundle/GMSCacheStorage.momd/StorageWithTileProto.mom ... 
2026-08-29 06:27:31 +0000  5292 bytes for ./GoogleMapsResources.bundle/GoogleMaps.bundle/GMSCacheStorage.momd/StorageWithTileProto.mom
2026-08-29 06:27:31 +0000  copying file ./GoogleMapsResources.bundle/GoogleMaps.bundle/GMSCacheStorage.momd/StorageWithTileVersionID.mom ... 
2026-08-29 06:27:31 +0000  4802 bytes for ./GoogleMapsResources.bundle/GoogleMaps.bundle/GMSCacheStorage.momd/StorageWithTileVersionID.mom
2026-08-29 06:27:31 +0000  copying file ./GoogleMapsResources.bundle/GoogleMaps.bundle/Info.plist ... 
2026-08-29 06:27:31 +0000  363 bytes for ./GoogleMapsResources.bundle/GoogleMaps.bundle/Info.plist
2026-08-29 06:27:31 +0000  copying file ./GoogleMapsResources.bundle/Info.plist ... 
2026-08-29 06:27:31 +0000  785 bytes for ./GoogleMapsResources.bundle/Info.plist
2026-08-29 06:27:31 +0000  copying file ./MMKV_Privacy.bundle/PrivacyInfo.xcprivacy ... 
2026-08-29 06:27:31 +0000  412 bytes for ./MMKV_Privacy.bundle/PrivacyInfo.xcprivacy
2026-08-29 06:27:31 +0000  copying file ./MMKV_Privacy.bundle/Info.plist ... 
2026-08-29 06:27:31 +0000  769 bytes for ./MMKV_Privacy.bundle/Info.plist
2026-08-29 06:27:31 +0000  copying file ./Info.plist ... 
2026-08-29 06:27:31 +0000  4983 bytes for ./Info.plist
2026-08-29 06:27:31 +0000  copying file ./Expo.plist ... 
2026-08-29 06:27:31 +0000  132 bytes for ./Expo.plist
2026-08-29 06:27:31 +0000  copying file ./RNCAsyncStorage_resources.bundle/PrivacyInfo.xcprivacy ... 
2026-08-29 06:27:31 +0000  512 bytes for ./RNCAsyncStorage_resources.bundle/PrivacyInfo.xcprivacy
2026-08-29 06:27:31 +0000  copying file ./RNCAsyncStorage_resources.bundle/Info.plist ... 
2026-08-29 06:27:31 +0000  797 bytes for ./RNCAsyncStorage_resources.bundle/Info.plist
2026-08-29 06:27:31 +0000  copying file ./PkgInfo ... 
2026-08-29 06:27:31 +0000  8 bytes for ./PkgInfo
2026-08-29 06:27:31 +0000  copying file ./React-Core_privacy.bundle/PrivacyInfo.xcprivacy ... 
2026-08-29 06:27:31 +0000  768 bytes for ./React-Core_privacy.bundle/PrivacyInfo.xcprivacy
2026-08-29 06:27:31 +0000  copying file ./React-Core_privacy.bundle/Info.plist ... 
2026-08-29 06:27:31 +0000  784 bytes for ./React-Core_privacy.bundle/Info.plist
2026-08-29 06:27:31 +0000  copying file ./Promises_Privacy.bundle/PrivacyInfo.xcprivacy ... 
2026-08-29 06:27:31 +0000  373 bytes for ./Promises_Privacy.bundle/PrivacyInfo.xcprivacy
2026-08-29 06:27:31 +0000  copying file ./Promises_Privacy.bundle/Info.plist ... 
2026-08-29 06:27:31 +0000  778 bytes for ./Promises_Privacy.bundle/Info.plist
2026-08-29 06:27:31 +0000 [MT] /usr/bin/ditto exited with 0
2026-08-29 06:27:31 +0000 [MT] Processing step: IDEDistributionEmbedProfileStep
2026-08-29 06:27:31 +0000 [MT] Skipping profile for item: <IDEDistributionItem: 0xc14636e20; bundleID='com.github.krzyzanowskim.OpenSSL', path='<DVTFilePath:0xc144df4f0:'/Users/timi16/Documents/Wheelersapp/ios/build/WheelersDriver.xcarchive/Products/Applications/WheelersDriver.app/Frameworks/OpenSSL.framework'>', codeSigningInfo='<_DVTCodeSigningInformation_Path: 0xc1328c120; isSigned='1', isAdHocSigned='0', signingCertificate='<DVTSigningCertificate: 0xc11fa43c0; name='iPhone Distribution: Ikeoluwa Oke (N3F7PRGY83)', hash='4807531BD029EE705A4CA9E2C105F289ED0ECD85', serialNumber='54D16AFEDBC4DC35C90D04941C91F21C', certificateKinds='(
    "1.2.840.113635.100.6.1.4"
), issueDate='2026-05-22 21:41:32 +0000''>', entitlements='(null)', teamID='N3F7PRGY83', identifier='com.github.krzyzanowskim.OpenSSL', executablePath='<DVTFilePath:0xc145d1200:'/Users/timi16/Documents/Wheelersapp/ios/build/WheelersDriver.xcarchive/Products/Applications/WheelersDriver.app/Frameworks/OpenSSL.framework/OpenSSL'>', hardenedRuntime='0'>'>
2026-08-29 06:27:31 +0000 [MT] Skipping profile for item: <IDEDistributionItem: 0xc14636e80; bundleID='react-native.React', path='<DVTFilePath:0xc145d13e0:'/Users/timi16/Documents/Wheelersapp/ios/build/WheelersDriver.xcarchive/Products/Applications/WheelersDriver.app/Frameworks/React.framework'>', codeSigningInfo='<_DVTCodeSigningInformation_Path: 0xc1328c060; isSigned='1', isAdHocSigned='0', signingCertificate='<DVTSigningCertificate: 0xc11fa43c0; name='iPhone Distribution: Ikeoluwa Oke (N3F7PRGY83)', hash='4807531BD029EE705A4CA9E2C105F289ED0ECD85', serialNumber='54D16AFEDBC4DC35C90D04941C91F21C', certificateKinds='(
    "1.2.840.113635.100.6.1.4"
), issueDate='2026-05-22 21:41:32 +0000''>', entitlements='(null)', teamID='N3F7PRGY83', identifier='react-native.React', executablePath='<DVTFilePath:0xc145d1680:'/Users/timi16/Documents/Wheelersapp/ios/build/WheelersDriver.xcarchive/Products/Applications/WheelersDriver.app/Frameworks/React.framework/React'>', hardenedRuntime='0'>'>
2026-08-29 06:27:31 +0000 [MT] Skipping profile for item: <IDEDistributionItem: 0xc14636dc0; bundleID='third-party.ReactNativeDependencies', path='<DVTFilePath:0xc11d0d600:'/Users/timi16/Documents/Wheelersapp/ios/build/WheelersDriver.xcarchive/Products/Applications/WheelersDriver.app/Frameworks/ReactNativeDependencies.framework'>', codeSigningInfo='<_DVTCodeSigningInformation_Path: 0xc14636d60; isSigned='1', isAdHocSigned='0', signingCertificate='<DVTSigningCertificate: 0xc11fa43c0; name='iPhone Distribution: Ikeoluwa Oke (N3F7PRGY83)', hash='4807531BD029EE705A4CA9E2C105F289ED0ECD85', serialNumber='54D16AFEDBC4DC35C90D04941C91F21C', certificateKinds='(
    "1.2.840.113635.100.6.1.4"
), issueDate='2026-05-22 21:41:32 +0000''>', entitlements='(null)', teamID='N3F7PRGY83', identifier='third-party.ReactNativeDependencies', executablePath='<DVTFilePath:0xc144df6b0:'/Users/timi16/Documents/Wheelersapp/ios/build/WheelersDriver.xcarchive/Products/Applications/WheelersDriver.app/Frameworks/ReactNativeDependencies.framework/ReactNativeDependencies'>', hardenedRuntime='0'>'>
2026-08-29 06:27:31 +0000 [MT] Skipping profile for item: <IDEDistributionItem: 0xc14636ee0; bundleID='dev.hermesengine.iphoneos', path='<DVTFilePath:0xc144df800:'/Users/timi16/Documents/Wheelersapp/ios/build/WheelersDriver.xcarchive/Products/Applications/WheelersDriver.app/Frameworks/hermes.framework'>', codeSigningInfo='<_DVTCodeSigningInformation_Path: 0xc1328c0c0; isSigned='1', isAdHocSigned='0', signingCertificate='<DVTSigningCertificate: 0xc11fa43c0; name='iPhone Distribution: Ikeoluwa Oke (N3F7PRGY83)', hash='4807531BD029EE705A4CA9E2C105F289ED0ECD85', serialNumber='54D16AFEDBC4DC35C90D04941C91F21C', certificateKinds='(
    "1.2.840.113635.100.6.1.4"
), issueDate='2026-05-22 21:41:32 +0000''>', entitlements='(null)', teamID='N3F7PRGY83', identifier='dev.hermesengine.iphoneos', executablePath='<DVTFilePath:0xc145d2400:'/Users/timi16/Documents/Wheelersapp/ios/build/WheelersDriver.xcarchive/Products/Applications/WheelersDriver.app/Frameworks/hermes.framework/hermes'>', hardenedRuntime='0'>'>
2026-08-29 06:27:31 +0000 [MT] Processing step: IDEDistributionInfoPlistStep
2026-08-29 06:27:31 +0000 [MT] Skipping Info.plist step because item: <IDEDistributionItem: 0xc14636e20; bundleID='com.github.krzyzanowskim.OpenSSL', path='<DVTFilePath:0xc144df4f0:'/Users/timi16/Documents/Wheelersapp/ios/build/WheelersDriver.xcarchive/Products/Applications/WheelersDriver.app/Frameworks/OpenSSL.framework'>', codeSigningInfo='<_DVTCodeSigningInformation_Path: 0xc1328c120; isSigned='1', isAdHocSigned='0', signingCertificate='<DVTSigningCertificate: 0xc11fa43c0; name='iPhone Distribution: Ikeoluwa Oke (N3F7PRGY83)', hash='4807531BD029EE705A4CA9E2C105F289ED0ECD85', serialNumber='54D16AFEDBC4DC35C90D04941C91F21C', certificateKinds='(
    "1.2.840.113635.100.6.1.4"
), issueDate='2026-05-22 21:41:32 +0000''>', entitlements='(null)', teamID='N3F7PRGY83', identifier='com.github.krzyzanowskim.OpenSSL', executablePath='<DVTFilePath:0xc145d1200:'/Users/timi16/Documents/Wheelersapp/ios/build/WheelersDriver.xcarchive/Products/Applications/WheelersDriver.app/Frameworks/OpenSSL.framework/OpenSSL'>', hardenedRuntime='0'>'> is a framework or embedded in a framework.
2026-08-29 06:27:31 +0000 [MT] Skipping Info.plist step because item: <IDEDistributionItem: 0xc14636e80; bundleID='react-native.React', path='<DVTFilePath:0xc145d13e0:'/Users/timi16/Documents/Wheelersapp/ios/build/WheelersDriver.xcarchive/Products/Applications/WheelersDriver.app/Frameworks/React.framework'>', codeSigningInfo='<_DVTCodeSigningInformation_Path: 0xc1328c060; isSigned='1', isAdHocSigned='0', signingCertificate='<DVTSigningCertificate: 0xc11fa43c0; name='iPhone Distribution: Ikeoluwa Oke (N3F7PRGY83)', hash='4807531BD029EE705A4CA9E2C105F289ED0ECD85', serialNumber='54D16AFEDBC4DC35C90D04941C91F21C', certificateKinds='(
    "1.2.840.113635.100.6.1.4"
), issueDate='2026-05-22 21:41:32 +0000''>', entitlements='(null)', teamID='N3F7PRGY83', identifier='react-native.React', executablePath='<DVTFilePath:0xc145d1680:'/Users/timi16/Documents/Wheelersapp/ios/build/WheelersDriver.xcarchive/Products/Applications/WheelersDriver.app/Frameworks/React.framework/React'>', hardenedRuntime='0'>'> is a framework or embedded in a framework.
2026-08-29 06:27:31 +0000 [MT] Skipping Info.plist step because item: <IDEDistributionItem: 0xc14636dc0; bundleID='third-party.ReactNativeDependencies', path='<DVTFilePath:0xc11d0d600:'/Users/timi16/Documents/Wheelersapp/ios/build/WheelersDriver.xcarchive/Products/Applications/WheelersDriver.app/Frameworks/ReactNativeDependencies.framework'>', codeSigningInfo='<_DVTCodeSigningInformation_Path: 0xc14636d60; isSigned='1', isAdHocSigned='0', signingCertificate='<DVTSigningCertificate: 0xc11fa43c0; name='iPhone Distribution: Ikeoluwa Oke (N3F7PRGY83)', hash='4807531BD029EE705A4CA9E2C105F289ED0ECD85', serialNumber='54D16AFEDBC4DC35C90D04941C91F21C', certificateKinds='(
    "1.2.840.113635.100.6.1.4"
), issueDate='2026-05-22 21:41:32 +0000''>', entitlements='(null)', teamID='N3F7PRGY83', identifier='third-party.ReactNativeDependencies', executablePath='<DVTFilePath:0xc144df6b0:'/Users/timi16/Documents/Wheelersapp/ios/build/WheelersDriver.xcarchive/Products/Applications/WheelersDriver.app/Frameworks/ReactNativeDependencies.framework/ReactNativeDependencies'>', hardenedRuntime='0'>'> is a framework or embedded in a framework.
2026-08-29 06:27:31 +0000 [MT] Skipping Info.plist step because item: <IDEDistributionItem: 0xc14636ee0; bundleID='dev.hermesengine.iphoneos', path='<DVTFilePath:0xc144df800:'/Users/timi16/Documents/Wheelersapp/ios/build/WheelersDriver.xcarchive/Products/Applications/WheelersDriver.app/Frameworks/hermes.framework'>', codeSigningInfo='<_DVTCodeSigningInformation_Path: 0xc1328c0c0; isSigned='1', isAdHocSigned='0', signingCertificate='<DVTSigningCertificate: 0xc11fa43c0; name='iPhone Distribution: Ikeoluwa Oke (N3F7PRGY83)', hash='4807531BD029EE705A4CA9E2C105F289ED0ECD85', serialNumber='54D16AFEDBC4DC35C90D04941C91F21C', certificateKinds='(
    "1.2.840.113635.100.6.1.4"
), issueDate='2026-05-22 21:41:32 +0000''>', entitlements='(null)', teamID='N3F7PRGY83', identifier='dev.hermesengine.iphoneos', executablePath='<DVTFilePath:0xc145d2400:'/Users/timi16/Documents/Wheelersapp/ios/build/WheelersDriver.xcarchive/Products/Applications/WheelersDriver.app/Frameworks/hermes.framework/hermes'>', hardenedRuntime='0'>'> is a framework or embedded in a framework.
2026-08-29 06:27:31 +0000 [MT] Skipping setting DTXcodeBuildDistribution because toolsBuildVersionName was nil.
2026-08-29 06:27:31 +0000 [MT] Processing step: IDEDistributionItemRemovalStep
2026-08-29 06:27:31 +0000 [MT] Processing step: IDEDistributionAppThinningPlistStep
2026-08-29 06:27:31 +0000 [MT] Skipping step: IDEDistributionAppThinningPlistStep because it said so
2026-08-29 06:27:31 +0000 [MT] Processing step: IDEDistributionSymbolsStep
2026-08-29 06:27:32 +0000 [MT] Writing /var/folders/zb/4v4yvh392mn4ty6ns55343m40000gn/T/XcodeDistPipeline.~~~Tlxt12/Symbols/ACAC40FD-4C1B-30A4-BBF4-4FFC1276FDA7.symbols
2026-08-29 06:27:32 +0000 [MT] Writing /var/folders/zb/4v4yvh392mn4ty6ns55343m40000gn/T/XcodeDistPipeline.~~~Tlxt12/Symbols/F78B3941-5F30-312D-8C8C-35414A8738AD.symbols
2026-08-29 06:27:32 +0000 [MT] Upload Symbols Failed
2026-08-29 06:27:32 +0000 [MT] Upload Symbols Failed
2026-08-29 06:27:32 +0000 [MT] Upload Symbols Failed
2026-08-29 06:27:32 +0000 [MT] Processing step: IDEDistributionCopyAppleProvidedContentStep
2026-08-29 06:27:32 +0000 [MT] Processing step: IDEDistributionAppThinningStep
2026-08-29 06:27:32 +0000 [MT] Skipping step: IDEDistributionAppThinningStep because it said so
2026-08-29 06:27:32 +0000 [MT] Processing step: IDEDistributionArchThinningStep
2026-08-29 06:27:32 +0000 [MT] Archs to thin for item /Users/timi16/Documents/Wheelersapp/ios/build/WheelersDriver.xcarchive/Products/Applications/WheelersDriver.app/Frameworks/OpenSSL.framework are []
2026-08-29 06:27:32 +0000 [MT] Archs to thin for item /Users/timi16/Documents/Wheelersapp/ios/build/WheelersDriver.xcarchive/Products/Applications/WheelersDriver.app/Frameworks/React.framework are []
2026-08-29 06:27:32 +0000 [MT] Archs to thin for item /Users/timi16/Documents/Wheelersapp/ios/build/WheelersDriver.xcarchive/Products/Applications/WheelersDriver.app/Frameworks/ReactNativeDependencies.framework are []
2026-08-29 06:27:32 +0000 [MT] Archs to thin for item /Users/timi16/Documents/Wheelersapp/ios/build/WheelersDriver.xcarchive/Products/Applications/WheelersDriver.app/Frameworks/hermes.framework are []
2026-08-29 06:27:32 +0000 [MT] Archs to thin for item /Users/timi16/Documents/Wheelersapp/ios/build/WheelersDriver.xcarchive/Products/Applications/WheelersDriver.app are []
2026-08-29 06:27:32 +0000 [MT] Processing step: IDEDistributionODRStep
2026-08-29 06:27:32 +0000 [MT] Processing step: IDEDistributionStripXattrsStep
2026-08-29 06:27:32 +0000 [MT] Skipping stripping extended attributes because the codesign step will strip them.
2026-08-29 06:27:32 +0000 [MT] Skipping stripping extended attributes because the codesign step will strip them.
2026-08-29 06:27:32 +0000 [MT] Skipping stripping extended attributes because the codesign step will strip them.
2026-08-29 06:27:32 +0000 [MT] Skipping stripping extended attributes because the codesign step will strip them.
2026-08-29 06:27:32 +0000 [MT] Skipping stripping extended attributes because the codesign step will strip them.
2026-08-29 06:27:32 +0000 [MT] Processing step: IDEDistributionCodesignStep
2026-08-29 06:27:32 +0000 [MT] Entitlements for <IDEDistributionItem: 0xc14636e20; bundleID='com.github.krzyzanowskim.OpenSSL', path='<DVTFilePath:0xc144df4f0:'/Users/timi16/Documents/Wheelersapp/ios/build/WheelersDriver.xcarchive/Products/Applications/WheelersDriver.app/Frameworks/OpenSSL.framework'>', codeSigningInfo='<_DVTCodeSigningInformation_Path: 0xc1328c120; isSigned='1', isAdHocSigned='0', signingCertificate='<DVTSigningCertificate: 0xc11fa5e00; name='iPhone Distribution: Ikeoluwa Oke (N3F7PRGY83)', hash='4807531BD029EE705A4CA9E2C105F289ED0ECD85', serialNumber='54D16AFEDBC4DC35C90D04941C91F21C', certificateKinds='(
    "1.2.840.113635.100.6.1.4"
), issueDate='2026-05-22 21:41:32 +0000''>', entitlements='(null)', teamID='N3F7PRGY83', identifier='com.github.krzyzanowskim.OpenSSL', executablePath='<DVTFilePath:0xc145d1200:'/Users/timi16/Documents/Wheelersapp/ios/build/WheelersDriver.xcarchive/Products/Applications/WheelersDriver.app/Frameworks/OpenSSL.framework/OpenSSL'>', hardenedRuntime='0'>'>: {
}
2026-08-29 06:27:32 +0000 [MT] Associated App Clip Identifiers Filter: Skipping because "com.apple.developer.associated-appclip-app-identifiers" is not present
2026-08-29 06:27:32 +0000 [MT] Entitlements for <IDEDistributionItem: 0xc14636e20; bundleID='com.github.krzyzanowskim.OpenSSL', path='<DVTFilePath:0xc144df4f0:'/Users/timi16/Documents/Wheelersapp/ios/build/WheelersDriver.xcarchive/Products/Applications/WheelersDriver.app/Frameworks/OpenSSL.framework'>', codeSigningInfo='<_DVTCodeSigningInformation_Path: 0xc1328c120; isSigned='1', isAdHocSigned='0', signingCertificate='<DVTSigningCertificate: 0xc11fa5ec0; name='iPhone Distribution: Ikeoluwa Oke (N3F7PRGY83)', hash='4807531BD029EE705A4CA9E2C105F289ED0ECD85', serialNumber='54D16AFEDBC4DC35C90D04941C91F21C', certificateKinds='(
    "1.2.840.113635.100.6.1.4"
), issueDate='2026-05-22 21:41:32 +0000''>', entitlements='(null)', teamID='N3F7PRGY83', identifier='com.github.krzyzanowskim.OpenSSL', executablePath='<DVTFilePath:0xc145d1200:'/Users/timi16/Documents/Wheelersapp/ios/build/WheelersDriver.xcarchive/Products/Applications/WheelersDriver.app/Frameworks/OpenSSL.framework/OpenSSL'>', hardenedRuntime='0'>'> are: {
}
2026-08-29 06:27:32 +0000 [MT] Writing entitlements for <IDEDistributionItem: 0xc14636e20; bundleID='com.github.krzyzanowskim.OpenSSL', path='<DVTFilePath:0xc144df4f0:'/Users/timi16/Documents/Wheelersapp/ios/build/WheelersDriver.xcarchive/Products/Applications/WheelersDriver.app/Frameworks/OpenSSL.framework'>', codeSigningInfo='<_DVTCodeSigningInformation_Path: 0xc1328c120; isSigned='1', isAdHocSigned='0', signingCertificate='<DVTSigningCertificate: 0xc11fa5ec0; name='iPhone Distribution: Ikeoluwa Oke (N3F7PRGY83)', hash='4807531BD029EE705A4CA9E2C105F289ED0ECD85', serialNumber='54D16AFEDBC4DC35C90D04941C91F21C', certificateKinds='(
    "1.2.840.113635.100.6.1.4"
), issueDate='2026-05-22 21:41:32 +0000''>', entitlements='(null)', teamID='N3F7PRGY83', identifier='com.github.krzyzanowskim.OpenSSL', executablePath='<DVTFilePath:0xc145d1200:'/Users/timi16/Documents/Wheelersapp/ios/build/WheelersDriver.xcarchive/Products/Applications/WheelersDriver.app/Frameworks/OpenSSL.framework/OpenSSL'>', hardenedRuntime='0'>'> to: /var/folders/zb/4v4yvh392mn4ty6ns55343m40000gn/T/XcodeDistPipeline.~~~Tlxt12/entitlements~~~3R3rZ0
2026-08-29 06:27:32 +0000 [MT] invoking codesign: <NSConcreteTask: 0xc1504b480; launchPath='/usr/bin/codesign', arguments='(
    "-f",
    "-s",
    4807531BD029EE705A4CA9E2C105F289ED0ECD85,
    "--entitlements",
    "/var/folders/zb/4v4yvh392mn4ty6ns55343m40000gn/T/XcodeDistPipeline.~~~Tlxt12/entitlements~~~3R3rZ0",
    "--preserve-metadata=identifier,flags,runtime,launch-constraints,library-constraints",
    "--generate-entitlement-der",
    "--strip-disallowed-xattrs",
    "-vvv",
    "/var/folders/zb/4v4yvh392mn4ty6ns55343m40000gn/T/XcodeDistPipeline.~~~Tlxt12/Root/Payload/WheelersDriver.app/Frameworks/OpenSSL.framework"
)'>
2026-08-29 06:27:32 +0000 [MT] codesign output: /var/folders/zb/4v4yvh392mn4ty6ns55343m40000gn/T/XcodeDistPipeline.~~~Tlxt12/Root/Payload/WheelersDriver.app/Frameworks/OpenSSL.framework: replacing existing signature
/var/folders/zb/4v4yvh392mn4ty6ns55343m40000gn/T/XcodeDistPipeline.~~~Tlxt12/Root/Payload/WheelersDriver.app/Frameworks/OpenSSL.framework: signed bundle with Mach-O thin (arm64) [com.github.krzyzanowskim.OpenSSL]
2026-08-29 06:27:32 +0000 [MT] Entitlements for <IDEDistributionItem: 0xc14636e80; bundleID='react-native.React', path='<DVTFilePath:0xc145d13e0:'/Users/timi16/Documents/Wheelersapp/ios/build/WheelersDriver.xcarchive/Products/Applications/WheelersDriver.app/Frameworks/React.framework'>', codeSigningInfo='<_DVTCodeSigningInformation_Path: 0xc1328c060; isSigned='1', isAdHocSigned='0', signingCertificate='<DVTSigningCertificate: 0xc11fa5e00; name='iPhone Distribution: Ikeoluwa Oke (N3F7PRGY83)', hash='4807531BD029EE705A4CA9E2C105F289ED0ECD85', serialNumber='54D16AFEDBC4DC35C90D04941C91F21C', certificateKinds='(
    "1.2.840.113635.100.6.1.4"
), issueDate='2026-05-22 21:41:32 +0000''>', entitlements='(null)', teamID='N3F7PRGY83', identifier='react-native.React', executablePath='<DVTFilePath:0xc145d1680:'/Users/timi16/Documents/Wheelersapp/ios/build/WheelersDriver.xcarchive/Products/Applications/WheelersDriver.app/Frameworks/React.framework/React'>', hardenedRuntime='0'>'>: {
}
2026-08-29 06:27:32 +0000 [MT] Associated App Clip Identifiers Filter: Skipping because "com.apple.developer.associated-appclip-app-identifiers" is not present
2026-08-29 06:27:32 +0000 [MT] Entitlements for <IDEDistributionItem: 0xc14636e80; bundleID='react-native.React', path='<DVTFilePath:0xc145d13e0:'/Users/timi16/Documents/Wheelersapp/ios/build/WheelersDriver.xcarchive/Products/Applications/WheelersDriver.app/Frameworks/React.framework'>', codeSigningInfo='<_DVTCodeSigningInformation_Path: 0xc1328c060; isSigned='1', isAdHocSigned='0', signingCertificate='<DVTSigningCertificate: 0xc11fa4840; name='iPhone Distribution: Ikeoluwa Oke (N3F7PRGY83)', hash='4807531BD029EE705A4CA9E2C105F289ED0ECD85', serialNumber='54D16AFEDBC4DC35C90D04941C91F21C', certificateKinds='(
    "1.2.840.113635.100.6.1.4"
), issueDate='2026-05-22 21:41:32 +0000''>', entitlements='(null)', teamID='N3F7PRGY83', identifier='react-native.React', executablePath='<DVTFilePath:0xc145d1680:'/Users/timi16/Documents/Wheelersapp/ios/build/WheelersDriver.xcarchive/Products/Applications/WheelersDriver.app/Frameworks/React.framework/React'>', hardenedRuntime='0'>'> are: {
}
2026-08-29 06:27:32 +0000 [MT] Writing entitlements for <IDEDistributionItem: 0xc14636e80; bundleID='react-native.React', path='<DVTFilePath:0xc145d13e0:'/Users/timi16/Documents/Wheelersapp/ios/build/WheelersDriver.xcarchive/Products/Applications/WheelersDriver.app/Frameworks/React.framework'>', codeSigningInfo='<_DVTCodeSigningInformation_Path: 0xc1328c060; isSigned='1', isAdHocSigned='0', signingCertificate='<DVTSigningCertificate: 0xc11fa4840; name='iPhone Distribution: Ikeoluwa Oke (N3F7PRGY83)', hash='4807531BD029EE705A4CA9E2C105F289ED0ECD85', serialNumber='54D16AFEDBC4DC35C90D04941C91F21C', certificateKinds='(
    "1.2.840.113635.100.6.1.4"
), issueDate='2026-05-22 21:41:32 +0000''>', entitlements='(null)', teamID='N3F7PRGY83', identifier='react-native.React', executablePath='<DVTFilePath:0xc145d1680:'/Users/timi16/Documents/Wheelersapp/ios/build/WheelersDriver.xcarchive/Products/Applications/WheelersDriver.app/Frameworks/React.framework/React'>', hardenedRuntime='0'>'> to: /var/folders/zb/4v4yvh392mn4ty6ns55343m40000gn/T/XcodeDistPipeline.~~~Tlxt12/entitlements~~~WYGdpe
2026-08-29 06:27:32 +0000 [MT] invoking codesign: <NSConcreteTask: 0xc1504b660; launchPath='/usr/bin/codesign', arguments='(
    "-f",
    "-s",
    4807531BD029EE705A4CA9E2C105F289ED0ECD85,
    "--entitlements",
    "/var/folders/zb/4v4yvh392mn4ty6ns55343m40000gn/T/XcodeDistPipeline.~~~Tlxt12/entitlements~~~WYGdpe",
    "--preserve-metadata=identifier,flags,runtime,launch-constraints,library-constraints",
    "--generate-entitlement-der",
    "--strip-disallowed-xattrs",
    "-vvv",
    "/var/folders/zb/4v4yvh392mn4ty6ns55343m40000gn/T/XcodeDistPipeline.~~~Tlxt12/Root/Payload/WheelersDriver.app/Frameworks/React.framework"
)'>
2026-08-29 06:27:32 +0000 [MT] codesign output: /var/folders/zb/4v4yvh392mn4ty6ns55343m40000gn/T/XcodeDistPipeline.~~~Tlxt12/Root/Payload/WheelersDriver.app/Frameworks/React.framework: replacing existing signature
/var/folders/zb/4v4yvh392mn4ty6ns55343m40000gn/T/XcodeDistPipeline.~~~Tlxt12/Root/Payload/WheelersDriver.app/Frameworks/React.framework: signed bundle with Mach-O thin (arm64) [react-native.React]
2026-08-29 06:27:32 +0000 [MT] Entitlements for <IDEDistributionItem: 0xc14636dc0; bundleID='third-party.ReactNativeDependencies', path='<DVTFilePath:0xc11d0d600:'/Users/timi16/Documents/Wheelersapp/ios/build/WheelersDriver.xcarchive/Products/Applications/WheelersDriver.app/Frameworks/ReactNativeDependencies.framework'>', codeSigningInfo='<_DVTCodeSigningInformation_Path: 0xc14636d60; isSigned='1', isAdHocSigned='0', signingCertificate='<DVTSigningCertificate: 0xc11fa5e00; name='iPhone Distribution: Ikeoluwa Oke (N3F7PRGY83)', hash='4807531BD029EE705A4CA9E2C105F289ED0ECD85', serialNumber='54D16AFEDBC4DC35C90D04941C91F21C', certificateKinds='(
    "1.2.840.113635.100.6.1.4"
), issueDate='2026-05-22 21:41:32 +0000''>', entitlements='(null)', teamID='N3F7PRGY83', identifier='third-party.ReactNativeDependencies', executablePath='<DVTFilePath:0xc144df6b0:'/Users/timi16/Documents/Wheelersapp/ios/build/WheelersDriver.xcarchive/Products/Applications/WheelersDriver.app/Frameworks/ReactNativeDependencies.framework/ReactNativeDependencies'>', hardenedRuntime='0'>'>: {
}
2026-08-29 06:27:32 +0000 [MT] Associated App Clip Identifiers Filter: Skipping because "com.apple.developer.associated-appclip-app-identifiers" is not present
2026-08-29 06:27:32 +0000 [MT] Entitlements for <IDEDistributionItem: 0xc14636dc0; bundleID='third-party.ReactNativeDependencies', path='<DVTFilePath:0xc11d0d600:'/Users/timi16/Documents/Wheelersapp/ios/build/WheelersDriver.xcarchive/Products/Applications/WheelersDriver.app/Frameworks/ReactNativeDependencies.framework'>', codeSigningInfo='<_DVTCodeSigningInformation_Path: 0xc14636d60; isSigned='1', isAdHocSigned='0', signingCertificate='<DVTSigningCertificate: 0xc11fa4b40; name='iPhone Distribution: Ikeoluwa Oke (N3F7PRGY83)', hash='4807531BD029EE705A4CA9E2C105F289ED0ECD85', serialNumber='54D16AFEDBC4DC35C90D04941C91F21C', certificateKinds='(
    "1.2.840.113635.100.6.1.4"
), issueDate='2026-05-22 21:41:32 +0000''>', entitlements='(null)', teamID='N3F7PRGY83', identifier='third-party.ReactNativeDependencies', executablePath='<DVTFilePath:0xc144df6b0:'/Users/timi16/Documents/Wheelersapp/ios/build/WheelersDriver.xcarchive/Products/Applications/WheelersDriver.app/Frameworks/ReactNativeDependencies.framework/ReactNativeDependencies'>', hardenedRuntime='0'>'> are: {
}
2026-08-29 06:27:32 +0000 [MT] Writing entitlements for <IDEDistributionItem: 0xc14636dc0; bundleID='third-party.ReactNativeDependencies', path='<DVTFilePath:0xc11d0d600:'/Users/timi16/Documents/Wheelersapp/ios/build/WheelersDriver.xcarchive/Products/Applications/WheelersDriver.app/Frameworks/ReactNativeDependencies.framework'>', codeSigningInfo='<_DVTCodeSigningInformation_Path: 0xc14636d60; isSigned='1', isAdHocSigned='0', signingCertificate='<DVTSigningCertificate: 0xc11fa4b40; name='iPhone Distribution: Ikeoluwa Oke (N3F7PRGY83)', hash='4807531BD029EE705A4CA9E2C105F289ED0ECD85', serialNumber='54D16AFEDBC4DC35C90D04941C91F21C', certificateKinds='(
    "1.2.840.113635.100.6.1.4"
), issueDate='2026-05-22 21:41:32 +0000''>', entitlements='(null)', teamID='N3F7PRGY83', identifier='third-party.ReactNativeDependencies', executablePath='<DVTFilePath:0xc144df6b0:'/Users/timi16/Documents/Wheelersapp/ios/build/WheelersDriver.xcarchive/Products/Applications/WheelersDriver.app/Frameworks/ReactNativeDependencies.framework/ReactNativeDependencies'>', hardenedRuntime='0'>'> to: /var/folders/zb/4v4yvh392mn4ty6ns55343m40000gn/T/XcodeDistPipeline.~~~Tlxt12/entitlements~~~PXGcdy
2026-08-29 06:27:32 +0000 [MT] invoking codesign: <NSConcreteTask: 0xc1504b660; launchPath='/usr/bin/codesign', arguments='(
    "-f",
    "-s",
    4807531BD029EE705A4CA9E2C105F289ED0ECD85,
    "--entitlements",
    "/var/folders/zb/4v4yvh392mn4ty6ns55343m40000gn/T/XcodeDistPipeline.~~~Tlxt12/entitlements~~~PXGcdy",
    "--preserve-metadata=identifier,flags,runtime,launch-constraints,library-constraints",
    "--generate-entitlement-der",
    "--strip-disallowed-xattrs",
    "-vvv",
    "/var/folders/zb/4v4yvh392mn4ty6ns55343m40000gn/T/XcodeDistPipeline.~~~Tlxt12/Root/Payload/WheelersDriver.app/Frameworks/ReactNativeDependencies.framework"
)'>
2026-08-29 06:27:32 +0000 [MT] codesign output: /var/folders/zb/4v4yvh392mn4ty6ns55343m40000gn/T/XcodeDistPipeline.~~~Tlxt12/Root/Payload/WheelersDriver.app/Frameworks/ReactNativeDependencies.framework: replacing existing signature
/var/folders/zb/4v4yvh392mn4ty6ns55343m40000gn/T/XcodeDistPipeline.~~~Tlxt12/Root/Payload/WheelersDriver.app/Frameworks/ReactNativeDependencies.framework: signed bundle with Mach-O thin (arm64) [third-party.ReactNativeDependencies]
2026-08-29 06:27:32 +0000 [MT] Entitlements for <IDEDistributionItem: 0xc14636ee0; bundleID='dev.hermesengine.iphoneos', path='<DVTFilePath:0xc144df800:'/Users/timi16/Documents/Wheelersapp/ios/build/WheelersDriver.xcarchive/Products/Applications/WheelersDriver.app/Frameworks/hermes.framework'>', codeSigningInfo='<_DVTCodeSigningInformation_Path: 0xc1328c0c0; isSigned='1', isAdHocSigned='0', signingCertificate='<DVTSigningCertificate: 0xc11fa5e00; name='iPhone Distribution: Ikeoluwa Oke (N3F7PRGY83)', hash='4807531BD029EE705A4CA9E2C105F289ED0ECD85', serialNumber='54D16AFEDBC4DC35C90D04941C91F21C', certificateKinds='(
    "1.2.840.113635.100.6.1.4"
), issueDate='2026-05-22 21:41:32 +0000''>', entitlements='(null)', teamID='N3F7PRGY83', identifier='dev.hermesengine.iphoneos', executablePath='<DVTFilePath:0xc145d2400:'/Users/timi16/Documents/Wheelersapp/ios/build/WheelersDriver.xcarchive/Products/Applications/WheelersDriver.app/Frameworks/hermes.framework/hermes'>', hardenedRuntime='0'>'>: {
}
2026-08-29 06:27:32 +0000 [MT] Associated App Clip Identifiers Filter: Skipping because "com.apple.developer.associated-appclip-app-identifiers" is not present
2026-08-29 06:27:32 +0000 [MT] Entitlements for <IDEDistributionItem: 0xc14636ee0; bundleID='dev.hermesengine.iphoneos', path='<DVTFilePath:0xc144df800:'/Users/timi16/Documents/Wheelersapp/ios/build/WheelersDriver.xcarchive/Products/Applications/WheelersDriver.app/Frameworks/hermes.framework'>', codeSigningInfo='<_DVTCodeSigningInformation_Path: 0xc1328c0c0; isSigned='1', isAdHocSigned='0', signingCertificate='<DVTSigningCertificate: 0xc11fa4b40; name='iPhone Distribution: Ikeoluwa Oke (N3F7PRGY83)', hash='4807531BD029EE705A4CA9E2C105F289ED0ECD85', serialNumber='54D16AFEDBC4DC35C90D04941C91F21C', certificateKinds='(
    "1.2.840.113635.100.6.1.4"
), issueDate='2026-05-22 21:41:32 +0000''>', entitlements='(null)', teamID='N3F7PRGY83', identifier='dev.hermesengine.iphoneos', executablePath='<DVTFilePath:0xc145d2400:'/Users/timi16/Documents/Wheelersapp/ios/build/WheelersDriver.xcarchive/Products/Applications/WheelersDriver.app/Frameworks/hermes.framework/hermes'>', hardenedRuntime='0'>'> are: {
}
2026-08-29 06:27:32 +0000 [MT] Writing entitlements for <IDEDistributionItem: 0xc14636ee0; bundleID='dev.hermesengine.iphoneos', path='<DVTFilePath:0xc144df800:'/Users/timi16/Documents/Wheelersapp/ios/build/WheelersDriver.xcarchive/Products/Applications/WheelersDriver.app/Frameworks/hermes.framework'>', codeSigningInfo='<_DVTCodeSigningInformation_Path: 0xc1328c0c0; isSigned='1', isAdHocSigned='0', signingCertificate='<DVTSigningCertificate: 0xc11fa4b40; name='iPhone Distribution: Ikeoluwa Oke (N3F7PRGY83)', hash='4807531BD029EE705A4CA9E2C105F289ED0ECD85', serialNumber='54D16AFEDBC4DC35C90D04941C91F21C', certificateKinds='(
    "1.2.840.113635.100.6.1.4"
), issueDate='2026-05-22 21:41:32 +0000''>', entitlements='(null)', teamID='N3F7PRGY83', identifier='dev.hermesengine.iphoneos', executablePath='<DVTFilePath:0xc145d2400:'/Users/timi16/Documents/Wheelersapp/ios/build/WheelersDriver.xcarchive/Products/Applications/WheelersDriver.app/Frameworks/hermes.framework/hermes'>', hardenedRuntime='0'>'> to: /var/folders/zb/4v4yvh392mn4ty6ns55343m40000gn/T/XcodeDistPipeline.~~~Tlxt12/entitlements~~~wov3GI
2026-08-29 06:27:32 +0000 [MT] invoking codesign: <NSConcreteTask: 0xc1504b660; launchPath='/usr/bin/codesign', arguments='(
    "-f",
    "-s",
    4807531BD029EE705A4CA9E2C105F289ED0ECD85,
    "--entitlements",
    "/var/folders/zb/4v4yvh392mn4ty6ns55343m40000gn/T/XcodeDistPipeline.~~~Tlxt12/entitlements~~~wov3GI",
    "--preserve-metadata=identifier,flags,runtime,launch-constraints,library-constraints",
    "--generate-entitlement-der",
    "--strip-disallowed-xattrs",
    "-vvv",
    "/var/folders/zb/4v4yvh392mn4ty6ns55343m40000gn/T/XcodeDistPipeline.~~~Tlxt12/Root/Payload/WheelersDriver.app/Frameworks/hermes.framework"
)'>
2026-08-29 06:27:32 +0000 [MT] codesign output: /var/folders/zb/4v4yvh392mn4ty6ns55343m40000gn/T/XcodeDistPipeline.~~~Tlxt12/Root/Payload/WheelersDriver.app/Frameworks/hermes.framework: replacing existing signature
/var/folders/zb/4v4yvh392mn4ty6ns55343m40000gn/T/XcodeDistPipeline.~~~Tlxt12/Root/Payload/WheelersDriver.app/Frameworks/hermes.framework: signed bundle with Mach-O thin (arm64) [dev.hermesengine.iphoneos]
2026-08-29 06:27:32 +0000 [MT] Entitlements for <IDEDistributionItem: 0xc14636f40; bundleID='com.timmy133.wheelers.driver', path='<DVTFilePath:0xc144dc230:'/Users/timi16/Documents/Wheelersapp/ios/build/WheelersDriver.xcarchive/Products/Applications/WheelersDriver.app'>', codeSigningInfo='<_DVTCodeSigningInformation_Path: 0xc14636fa0; isSigned='1', isAdHocSigned='0', signingCertificate='<DVTSigningCertificate: 0xc11fa5e00; name='iPhone Distribution: Ikeoluwa Oke (N3F7PRGY83)', hash='4807531BD029EE705A4CA9E2C105F289ED0ECD85', serialNumber='54D16AFEDBC4DC35C90D04941C91F21C', certificateKinds='(
    "1.2.840.113635.100.6.1.4"
), issueDate='2026-05-22 21:41:32 +0000''>', entitlements='{
    "application-identifier" = "N3F7PRGY83.com.timmy133.wheelers.driver";
    "aps-environment" = production;
    "beta-reports-active" = 1;
    "com.apple.developer.applesignin" =     (
        Default
    );
    "com.apple.developer.team-identifier" = N3F7PRGY83;
    "get-task-allow" = 0;
}', teamID='N3F7PRGY83', identifier='com.timmy133.wheelers.driver', executablePath='<DVTFilePath:0xc144cab80:'/Users/timi16/Documents/Wheelersapp/ios/build/WheelersDriver.xcarchive/Products/Applications/WheelersDriver.app/WheelersDriver'>', hardenedRuntime='0'>'>: {
    "application-identifier" = "N3F7PRGY83.com.timmy133.wheelers.driver";
    "aps-environment" = production;
    "beta-reports-active" = 1;
    "com.apple.developer.applesignin" =     (
        Default
    );
    "com.apple.developer.team-identifier" = N3F7PRGY83;
    "get-task-allow" = 0;
}
2026-08-29 06:27:32 +0000 [MT] Associated App Clip Identifiers Filter: Skipping because "com.apple.developer.associated-appclip-app-identifiers" is not present
2026-08-29 06:27:32 +0000 [MT] Entitlements for <IDEDistributionItem: 0xc14636f40; bundleID='com.timmy133.wheelers.driver', path='<DVTFilePath:0xc144dc230:'/Users/timi16/Documents/Wheelersapp/ios/build/WheelersDriver.xcarchive/Products/Applications/WheelersDriver.app'>', codeSigningInfo='<_DVTCodeSigningInformation_Path: 0xc14636fa0; isSigned='1', isAdHocSigned='0', signingCertificate='<DVTSigningCertificate: 0xc11fa4b40; name='iPhone Distribution: Ikeoluwa Oke (N3F7PRGY83)', hash='4807531BD029EE705A4CA9E2C105F289ED0ECD85', serialNumber='54D16AFEDBC4DC35C90D04941C91F21C', certificateKinds='(
    "1.2.840.113635.100.6.1.4"
), issueDate='2026-05-22 21:41:32 +0000''>', entitlements='{
    "application-identifier" = "N3F7PRGY83.com.timmy133.wheelers.driver";
    "aps-environment" = production;
    "beta-reports-active" = 1;
    "com.apple.developer.applesignin" =     (
        Default
    );
    "com.apple.developer.team-identifier" = N3F7PRGY83;
    "get-task-allow" = 0;
}', teamID='N3F7PRGY83', identifier='com.timmy133.wheelers.driver', executablePath='<DVTFilePath:0xc144cab80:'/Users/timi16/Documents/Wheelersapp/ios/build/WheelersDriver.xcarchive/Products/Applications/WheelersDriver.app/WheelersDriver'>', hardenedRuntime='0'>'> are: {
    "application-identifier" = "N3F7PRGY83.com.timmy133.wheelers.driver";
    "aps-environment" = production;
    "beta-reports-active" = 1;
    "com.apple.developer.applesignin" =     (
        Default
    );
    "com.apple.developer.team-identifier" = N3F7PRGY83;
    "get-task-allow" = 0;
}
2026-08-29 06:27:32 +0000 [MT] Writing entitlements for <IDEDistributionItem: 0xc14636f40; bundleID='com.timmy133.wheelers.driver', path='<DVTFilePath:0xc144dc230:'/Users/timi16/Documents/Wheelersapp/ios/build/WheelersDriver.xcarchive/Products/Applications/WheelersDriver.app'>', codeSigningInfo='<_DVTCodeSigningInformation_Path: 0xc14636fa0; isSigned='1', isAdHocSigned='0', signingCertificate='<DVTSigningCertificate: 0xc11fa4b40; name='iPhone Distribution: Ikeoluwa Oke (N3F7PRGY83)', hash='4807531BD029EE705A4CA9E2C105F289ED0ECD85', serialNumber='54D16AFEDBC4DC35C90D04941C91F21C', certificateKinds='(
    "1.2.840.113635.100.6.1.4"
), issueDate='2026-05-22 21:41:32 +0000''>', entitlements='{
    "application-identifier" = "N3F7PRGY83.com.timmy133.wheelers.driver";
    "aps-environment" = production;
    "beta-reports-active" = 1;
    "com.apple.developer.applesignin" =     (
        Default
    );
    "com.apple.developer.team-identifier" = N3F7PRGY83;
    "get-task-allow" = 0;
}', teamID='N3F7PRGY83', identifier='com.timmy133.wheelers.driver', executablePath='<DVTFilePath:0xc144cab80:'/Users/timi16/Documents/Wheelersapp/ios/build/WheelersDriver.xcarchive/Products/Applications/WheelersDriver.app/WheelersDriver'>', hardenedRuntime='0'>'> to: /var/folders/zb/4v4yvh392mn4ty6ns55343m40000gn/T/XcodeDistPipeline.~~~Tlxt12/entitlements~~~kHyVfN
2026-08-29 06:27:32 +0000 [MT] invoking codesign: <NSConcreteTask: 0xc1504b660; launchPath='/usr/bin/codesign', arguments='(
    "-f",
    "-s",
    4807531BD029EE705A4CA9E2C105F289ED0ECD85,
    "--entitlements",
    "/var/folders/zb/4v4yvh392mn4ty6ns55343m40000gn/T/XcodeDistPipeline.~~~Tlxt12/entitlements~~~kHyVfN",
    "--preserve-metadata=identifier,flags,runtime,launch-constraints,library-constraints",
    "--generate-entitlement-der",
    "--strip-disallowed-xattrs",
    "-vvv",
    "/var/folders/zb/4v4yvh392mn4ty6ns55343m40000gn/T/XcodeDistPipeline.~~~Tlxt12/Root/Payload/WheelersDriver.app"
)'>
2026-08-29 06:27:32 +0000 [MT] codesign output: /var/folders/zb/4v4yvh392mn4ty6ns55343m40000gn/T/XcodeDistPipeline.~~~Tlxt12/Root/Payload/WheelersDriver.app: replacing existing signature
/var/folders/zb/4v4yvh392mn4ty6ns55343m40000gn/T/XcodeDistPipeline.~~~Tlxt12/Root/Payload/WheelersDriver.app: signed app bundle with Mach-O thin (arm64) [com.timmy133.wheelers.driver]
2026-08-29 06:27:32 +0000 [MT] Processing step: IDEDistributionZipODRItemStep
2026-08-29 06:27:32 +0000 [MT] Skipping step: IDEDistributionZipODRItemStep because it said so
2026-08-29 06:27:32 +0000 [MT] Skipping step: IDEDistributionZipODRItemStep because it said so
2026-08-29 06:27:32 +0000 [MT] Skipping step: IDEDistributionZipODRItemStep because it said so
2026-08-29 06:27:32 +0000 [MT] Skipping step: IDEDistributionZipODRItemStep because it said so
2026-08-29 06:27:32 +0000 [MT] Skipping step: IDEDistributionZipODRItemStep because it said so
2026-08-29 06:27:32 +0000 [MT] Processing step: IDEDistributionCreateIPAStep
2026-08-29 06:27:32 +0000 [MT] Running /usr/bin/rsync '-8aPhhE' '/var/folders/zb/4v4yvh392mn4ty6ns55343m40000gn/T/XcodeDistPipeline.~~~Tlxt12/Symbols' '--link-dest' '/var/folders/zb/4v4yvh392mn4ty6ns55343m40000gn/T/XcodeDistPipeline.~~~Tlxt12' '/var/folders/zb/4v4yvh392mn4ty6ns55343m40000gn/T/XcodeDistPipeline.~~~Tlxt12/Root'
2026-08-29 06:27:32 +0000  Symbols/
._Symbols
            163 127%    2.79MB/s   00:00:00 (xfer#1, to-check=0/6)
2026-08-29 06:27:32 +0000  Symbols/ACAC40FD-4C1B-30A4-BBF4-4FFC1276FDA7.symbols
Symbols/F78B3941-5F30-312D-8C8C-35414A8738AD.symbols
Symbols/._ACAC40FD-4C1B-30A4-BBF4-4FFC1276FDA7.symbols
            163   0%  366.04KB/s   00:00:00 (xfer#2, to-check=2/6)
2026-08-29 06:27:32 +0000  Symbols/._F78B3941-5F30-312D-8C8C-35414A8738AD.symbols
            163   0%  352.88KB/s   00:00:00 (xfer#3, to-check=3/6)
2026-08-29 06:27:32 +0000 [MT] /usr/bin/rsync exited with 0
2026-08-29 06:27:32 +0000 [MT] Running /usr/bin/ditto '-V' '-c' '-k' '--norsrc' '/var/folders/zb/4v4yvh392mn4ty6ns55343m40000gn/T/XcodeDistPipeline.~~~Tlxt12/Root' '/var/folders/zb/4v4yvh392mn4ty6ns55343m40000gn/T/XcodeDistPipeline.~~~Tlxt12/Packages/WheelersDriver.ipa'
2026-08-29 06:27:32 +0000  >>> Copying /var/folders/zb/4v4yvh392mn4ty6ns55343m40000gn/T/XcodeDistPipeline.~~~Tlxt12/Root 
2026-08-29 06:27:32 +0000  copying file ./Payload/WheelersDriver.app/_CodeSignature/CodeResources ... 
2026-08-29 06:27:32 +0000  111611 bytes for ./Payload/WheelersDriver.app/_CodeSignature/CodeResources
2026-08-29 06:27:32 +0000  copying file ./Payload/WheelersDriver.app/WheelersDriver ... 
2026-08-29 06:27:33 +0000  22598656 bytes for ./Payload/WheelersDriver.app/WheelersDriver
2026-08-29 06:27:33 +0000  copying file ./Payload/WheelersDriver.app/SplashScreen.storyboardc/EXPO-VIEWCONTROLLER-1-view-EXPO-ContainerView.nib ... 
2026-08-29 06:27:33 +0000  2107 bytes for ./Payload/WheelersDriver.app/SplashScreen.storyboardc/EXPO-VIEWCONTROLLER-1-view-EXPO-ContainerView.nib
copying file ./Payload/WheelersDriver.app/SplashScreen.storyboardc/SplashScreenViewController.nib ... 
2026-08-29 06:27:33 +0000  1004 bytes for ./Payload/WheelersDriver.app/SplashScreen.storyboardc/SplashScreenViewController.nib
2026-08-29 06:27:33 +0000  copying file ./Payload/WheelersDriver.app/SplashScreen.storyboardc/Info.plist ... 
225 bytes for ./Payload/WheelersDriver.app/SplashScreen.storyboardc/Info.plist
2026-08-29 06:27:33 +0000  copying file ./Payload/WheelersDriver.app/ExpoSystemUI_privacy.bundle/PrivacyInfo.xcprivacy ... 
2026-08-29 06:27:33 +0000  607 bytes for ./Payload/WheelersDriver.app/ExpoSystemUI_privacy.bundle/PrivacyInfo.xcprivacy
2026-08-29 06:27:33 +0000  copying file ./Payload/WheelersDriver.app/ExpoSystemUI_privacy.bundle/Info.plist ... 
787 bytes for ./Payload/WheelersDriver.app/ExpoSystemUI_privacy.bundle/Info.plist
2026-08-29 06:27:33 +0000  copying file ./Payload/WheelersDriver.app/FBLPromises_Privacy.bundle/PrivacyInfo.xcprivacy ... 
2026-08-29 06:27:33 +0000  373 bytes for ./Payload/WheelersDriver.app/FBLPromises_Privacy.bundle/PrivacyInfo.xcprivacy
2026-08-29 06:27:33 +0000  copying file ./Payload/WheelersDriver.app/FBLPromises_Privacy.bundle/Info.plist ... 
2026-08-29 06:27:33 +0000  784 bytes for ./Payload/WheelersDriver.app/FBLPromises_Privacy.bundle/Info.plist
2026-08-29 06:27:33 +0000  copying file ./Payload/WheelersDriver.app/AppIcon60x60@2x.png ... 
2026-08-29 06:27:33 +0000  3900 bytes for ./Payload/WheelersDriver.app/AppIcon60x60@2x.png
2026-08-29 06:27:33 +0000  copying file ./Payload/WheelersDriver.app/ExpoConstants_privacy.bundle/PrivacyInfo.xcprivacy ... 
2026-08-29 06:27:33 +0000  607 bytes for ./Payload/WheelersDriver.app/ExpoConstants_privacy.bundle/PrivacyInfo.xcprivacy
2026-08-29 06:27:33 +0000  copying file ./Payload/WheelersDriver.app/ExpoConstants_privacy.bundle/Info.plist ... 
2026-08-29 06:27:33 +0000  791 bytes for ./Payload/WheelersDriver.app/ExpoConstants_privacy.bundle/Info.plist
2026-08-29 06:27:33 +0000  copying file ./Payload/WheelersDriver.app/GoogleMapsPrivacy.bundle/GoogleMapsPrivacy.bundle/PrivacyInfo.xcprivacy ... 
2026-08-29 06:27:33 +0000  3204 bytes for ./Payload/WheelersDriver.app/GoogleMapsPrivacy.bundle/GoogleMapsPrivacy.bundle/PrivacyInfo.xcprivacy
2026-08-29 06:27:33 +0000  copying file ./Payload/WheelersDriver.app/GoogleMapsPrivacy.bundle/Info.plist ... 
2026-08-29 06:27:33 +0000  780 bytes for ./Payload/WheelersDriver.app/GoogleMapsPrivacy.bundle/Info.plist
2026-08-29 06:27:33 +0000  copying file ./Payload/WheelersDriver.app/React-cxxreact_privacy.bundle/PrivacyInfo.xcprivacy ... 
552 bytes for ./Payload/WheelersDriver.app/React-cxxreact_privacy.bundle/PrivacyInfo.xcprivacy
2026-08-29 06:27:33 +0000  copying file ./Payload/WheelersDriver.app/React-cxxreact_privacy.bundle/Info.plist ... 
2026-08-29 06:27:33 +0000  792 bytes for ./Payload/WheelersDriver.app/React-cxxreact_privacy.bundle/Info.plist
2026-08-29 06:27:33 +0000  copying file ./Payload/WheelersDriver.app/GTMAppAuth_Privacy.bundle/PrivacyInfo.xcprivacy ... 
2026-08-29 06:27:33 +0000  373 bytes for ./Payload/WheelersDriver.app/GTMAppAuth_Privacy.bundle/PrivacyInfo.xcprivacy
2026-08-29 06:27:33 +0000  copying file ./Payload/WheelersDriver.app/GTMAppAuth_Privacy.bundle/Info.plist ... 
783 bytes for ./Payload/WheelersDriver.app/GTMAppAuth_Privacy.bundle/Info.plist
2026-08-29 06:27:33 +0000  copying file ./Payload/WheelersDriver.app/ExpoApplication_privacy.bundle/PrivacyInfo.xcprivacy ... 
2026-08-29 06:27:33 +0000  608 bytes for ./Payload/WheelersDriver.app/ExpoApplication_privacy.bundle/PrivacyInfo.xcprivacy
copying file ./Payload/WheelersDriver.app/ExpoApplication_privacy.bundle/Info.plist ... 
2026-08-29 06:27:33 +0000  793 bytes for ./Payload/WheelersDriver.app/ExpoApplication_privacy.bundle/Info.plist
2026-08-29 06:27:33 +0000  copying file ./Payload/WheelersDriver.app/GTMSessionFetcher_Core_Privacy.bundle/PrivacyInfo.xcprivacy ... 
2026-08-29 06:27:33 +0000  598 bytes for ./Payload/WheelersDriver.app/GTMSessionFetcher_Core_Privacy.bundle/PrivacyInfo.xcprivacy
2026-08-29 06:27:33 +0000  copying file ./Payload/WheelersDriver.app/GTMSessionFetcher_Core_Privacy.bundle/Info.plist ... 
2026-08-29 06:27:33 +0000  807 bytes for ./Payload/WheelersDriver.app/GTMSessionFetcher_Core_Privacy.bundle/Info.plist
2026-08-29 06:27:33 +0000  copying file ./Payload/WheelersDriver.app/GoogleSignIn.bundle/de.lproj/GoogleSignIn.strings ... 
2026-08-29 06:27:33 +0000  1703 bytes for ./Payload/WheelersDriver.app/GoogleSignIn.bundle/de.lproj/GoogleSignIn.strings
2026-08-29 06:27:33 +0000  copying file ./Payload/WheelersDriver.app/GoogleSignIn.bundle/he.lproj/GoogleSignIn.strings ... 
2026-08-29 06:27:33 +0000  1780 bytes for ./Payload/WheelersDriver.app/GoogleSignIn.bundle/he.lproj/GoogleSignIn.strings
2026-08-29 06:27:33 +0000  copying file ./Payload/WheelersDriver.app/GoogleSignIn.bundle/ar.lproj/GoogleSignIn.strings ... 
2026-08-29 06:27:33 +0000  1759 bytes for ./Payload/WheelersDriver.app/GoogleSignIn.bundle/ar.lproj/GoogleSignIn.strings
2026-08-29 06:27:33 +0000  copying file ./Payload/WheelersDriver.app/GoogleSignIn.bundle/el.lproj/GoogleSignIn.strings ... 
2026-08-29 06:27:33 +0000  2103 bytes for ./Payload/WheelersDriver.app/GoogleSignIn.bundle/el.lproj/GoogleSignIn.strings
2026-08-29 06:27:33 +0000  copying file ./Payload/WheelersDriver.app/GoogleSignIn.bundle/ja.lproj/GoogleSignIn.strings ... 
2026-08-29 06:27:33 +0000  1711 bytes for ./Payload/WheelersDriver.app/GoogleSignIn.bundle/ja.lproj/GoogleSignIn.strings
2026-08-29 06:27:33 +0000  copying file ./Payload/WheelersDriver.app/GoogleSignIn.bundle/en.lproj/GoogleSignIn.strings ... 
2026-08-29 06:27:33 +0000  1547 bytes for ./Payload/WheelersDriver.app/GoogleSignIn.bundle/en.lproj/GoogleSignIn.strings
2026-08-29 06:27:33 +0000  copying file ./Payload/WheelersDriver.app/GoogleSignIn.bundle/uk.lproj/GoogleSignIn.strings ... 
2026-08-29 06:27:33 +0000  1864 bytes for ./Payload/WheelersDriver.app/GoogleSignIn.bundle/uk.lproj/GoogleSignIn.strings
2026-08-29 06:27:33 +0000  copying file ./Payload/WheelersDriver.app/GoogleSignIn.bundle/es_MX.lproj/GoogleSignIn.strings ... 
2026-08-29 06:27:33 +0000  1607 bytes for ./Payload/WheelersDriver.app/GoogleSignIn.bundle/es_MX.lproj/GoogleSignIn.strings
2026-08-29 06:27:33 +0000  copying file ./Payload/WheelersDriver.app/GoogleSignIn.bundle/zh_CN.lproj/GoogleSignIn.strings ... 
2026-08-29 06:27:33 +0000  1489 bytes for ./Payload/WheelersDriver.app/GoogleSignIn.bundle/zh_CN.lproj/GoogleSignIn.strings
2026-08-29 06:27:33 +0000  copying file ./Payload/WheelersDriver.app/GoogleSignIn.bundle/nb.lproj/GoogleSignIn.strings ... 
2026-08-29 06:27:33 +0000  1593 bytes for ./Payload/WheelersDriver.app/GoogleSignIn.bundle/nb.lproj/GoogleSignIn.strings
2026-08-29 06:27:33 +0000  copying file ./Payload/WheelersDriver.app/GoogleSignIn.bundle/es.lproj/GoogleSignIn.strings ... 
2026-08-29 06:27:33 +0000  1678 bytes for ./Payload/WheelersDriver.app/GoogleSignIn.bundle/es.lproj/GoogleSignIn.strings
2026-08-29 06:27:33 +0000  copying file ./Payload/WheelersDriver.app/GoogleSignIn.bundle/pt_BR.lproj/GoogleSignIn.strings ... 
2026-08-29 06:27:33 +0000  1608 bytes for ./Payload/WheelersDriver.app/GoogleSignIn.bundle/pt_BR.lproj/GoogleSignIn.strings
2026-08-29 06:27:33 +0000  copying file ./Payload/WheelersDriver.app/GoogleSignIn.bundle/da.lproj/GoogleSignIn.strings ... 
2026-08-29 06:27:33 +0000  1611 bytes for ./Payload/WheelersDriver.app/GoogleSignIn.bundle/da.lproj/GoogleSignIn.strings
2026-08-29 06:27:33 +0000  copying file ./Payload/WheelersDriver.app/GoogleSignIn.bundle/it.lproj/GoogleSignIn.strings ... 
2026-08-29 06:27:33 +0000  1570 bytes for ./Payload/WheelersDriver.app/GoogleSignIn.bundle/it.lproj/GoogleSignIn.strings
2026-08-29 06:27:33 +0000  copying file ./Payload/WheelersDriver.app/GoogleSignIn.bundle/sk.lproj/GoogleSignIn.strings ... 
2026-08-29 06:27:33 +0000  1665 bytes for ./Payload/WheelersDriver.app/GoogleSignIn.bundle/sk.lproj/GoogleSignIn.strings
2026-08-29 06:27:33 +0000  copying file ./Payload/WheelersDriver.app/GoogleSignIn.bundle/pt_PT.lproj/GoogleSignIn.strings ... 
2026-08-29 06:27:33 +0000  1646 bytes for ./Payload/WheelersDriver.app/GoogleSignIn.bundle/pt_PT.lproj/GoogleSignIn.strings
2026-08-29 06:27:33 +0000  copying file ./Payload/WheelersDriver.app/GoogleSignIn.bundle/google@3x.png ... 
1773 bytes for ./Payload/WheelersDriver.app/GoogleSignIn.bundle/google@3x.png
copying file ./Payload/WheelersDriver.app/GoogleSignIn.bundle/ms.lproj/GoogleSignIn.strings ... 
2026-08-29 06:27:33 +0000  1565 bytes for ./Payload/WheelersDriver.app/GoogleSignIn.bundle/ms.lproj/GoogleSignIn.strings
2026-08-29 06:27:33 +0000  copying file ./Payload/WheelersDriver.app/GoogleSignIn.bundle/sv.lproj/GoogleSignIn.strings ... 
2026-08-29 06:27:33 +0000  1579 bytes for ./Payload/WheelersDriver.app/GoogleSignIn.bundle/sv.lproj/GoogleSignIn.strings
2026-08-29 06:27:33 +0000  copying file ./Payload/WheelersDriver.app/GoogleSignIn.bundle/cs.lproj/GoogleSignIn.strings ... 
2026-08-29 06:27:33 +0000  1615 bytes for ./Payload/WheelersDriver.app/GoogleSignIn.bundle/cs.lproj/GoogleSignIn.strings
2026-08-29 06:27:33 +0000  copying file ./Payload/WheelersDriver.app/GoogleSignIn.bundle/google@2x.png ... 
2026-08-29 06:27:33 +0000  1166 bytes for ./Payload/WheelersDriver.app/GoogleSignIn.bundle/google@2x.png
2026-08-29 06:27:33 +0000  copying file ./Payload/WheelersDriver.app/GoogleSignIn.bundle/ko.lproj/GoogleSignIn.strings ... 
2026-08-29 06:27:33 +0000  1634 bytes for ./Payload/WheelersDriver.app/GoogleSignIn.bundle/ko.lproj/GoogleSignIn.strings
2026-08-29 06:27:33 +0000  copying file ./Payload/WheelersDriver.app/GoogleSignIn.bundle/hu.lproj/GoogleSignIn.strings ... 
2026-08-29 06:27:33 +0000  1663 bytes for ./Payload/WheelersDriver.app/GoogleSignIn.bundle/hu.lproj/GoogleSignIn.strings
2026-08-29 06:27:33 +0000  copying file ./Payload/WheelersDriver.app/GoogleSignIn.bundle/tr.lproj/GoogleSignIn.strings ... 
2026-08-29 06:27:33 +0000  1596 bytes for ./Payload/WheelersDriver.app/GoogleSignIn.bundle/tr.lproj/GoogleSignIn.strings
2026-08-29 06:27:33 +0000  copying file ./Payload/WheelersDriver.app/GoogleSignIn.bundle/pl.lproj/GoogleSignIn.strings ... 
2026-08-29 06:27:33 +0000  1578 bytes for ./Payload/WheelersDriver.app/GoogleSignIn.bundle/pl.lproj/GoogleSignIn.strings
2026-08-29 06:27:33 +0000  copying file ./Payload/WheelersDriver.app/GoogleSignIn.bundle/zh_TW.lproj/GoogleSignIn.strings ... 
2026-08-29 06:27:33 +0000  1525 bytes for ./Payload/WheelersDriver.app/GoogleSignIn.bundle/zh_TW.lproj/GoogleSignIn.strings
2026-08-29 06:27:33 +0000  copying file ./Payload/WheelersDriver.app/GoogleSignIn.bundle/en_GB.lproj/GoogleSignIn.strings ... 
2026-08-29 06:27:33 +0000  1547 bytes for ./Payload/WheelersDriver.app/GoogleSignIn.bundle/en_GB.lproj/GoogleSignIn.strings
copying file ./Payload/WheelersDriver.app/GoogleSignIn.bundle/vi.lproj/GoogleSignIn.strings ... 
2026-08-29 06:27:33 +0000  1717 bytes for ./Payload/WheelersDriver.app/GoogleSignIn.bundle/vi.lproj/GoogleSignIn.strings
2026-08-29 06:27:33 +0000  copying file ./Payload/WheelersDriver.app/GoogleSignIn.bundle/PrivacyInfo.xcprivacy ... 
2026-08-29 06:27:33 +0000  3756 bytes for ./Payload/WheelersDriver.app/GoogleSignIn.bundle/PrivacyInfo.xcprivacy
2026-08-29 06:27:33 +0000  copying file ./Payload/WheelersDriver.app/GoogleSignIn.bundle/ru.lproj/GoogleSignIn.strings ... 
2026-08-29 06:27:33 +0000  1954 bytes for ./Payload/WheelersDriver.app/GoogleSignIn.bundle/ru.lproj/GoogleSignIn.strings
2026-08-29 06:27:33 +0000  copying file ./Payload/WheelersDriver.app/GoogleSignIn.bundle/fr_CA.lproj/GoogleSignIn.strings ... 
2026-08-29 06:27:33 +0000  1657 bytes for ./Payload/WheelersDriver.app/GoogleSignIn.bundle/fr_CA.lproj/GoogleSignIn.strings
2026-08-29 06:27:33 +0000  copying file ./Payload/WheelersDriver.app/GoogleSignIn.bundle/fr.lproj/GoogleSignIn.strings ... 
2026-08-29 06:27:33 +0000  1676 bytes for ./Payload/WheelersDriver.app/GoogleSignIn.bundle/fr.lproj/GoogleSignIn.strings
2026-08-29 06:27:33 +0000  copying file ./Payload/WheelersDriver.app/GoogleSignIn.bundle/fi.lproj/GoogleSignIn.strings ... 
2026-08-29 06:27:33 +0000  1640 bytes for ./Payload/WheelersDriver.app/GoogleSignIn.bundle/fi.lproj/GoogleSignIn.strings
2026-08-29 06:27:33 +0000  copying file ./Payload/WheelersDriver.app/GoogleSignIn.bundle/id.lproj/GoogleSignIn.strings ... 
2026-08-29 06:27:33 +0000  1553 bytes for ./Payload/WheelersDriver.app/GoogleSignIn.bundle/id.lproj/GoogleSignIn.strings
2026-08-29 06:27:33 +0000  copying file ./Payload/WheelersDriver.app/GoogleSignIn.bundle/nl.lproj/GoogleSignIn.strings ... 
2026-08-29 06:27:33 +0000  1606 bytes for ./Payload/WheelersDriver.app/GoogleSignIn.bundle/nl.lproj/GoogleSignIn.strings
2026-08-29 06:27:33 +0000  copying file ./Payload/WheelersDriver.app/GoogleSignIn.bundle/th.lproj/GoogleSignIn.strings ... 
2026-08-29 06:27:33 +0000  2133 bytes for ./Payload/WheelersDriver.app/GoogleSignIn.bundle/th.lproj/GoogleSignIn.strings
2026-08-29 06:27:33 +0000  copying file ./Payload/WheelersDriver.app/GoogleSignIn.bundle/pt.lproj/GoogleSignIn.strings ... 
2026-08-29 06:27:33 +0000  1608 bytes for ./Payload/WheelersDriver.app/GoogleSignIn.bundle/pt.lproj/GoogleSignIn.strings
2026-08-29 06:27:33 +0000  copying file ./Payload/WheelersDriver.app/GoogleSignIn.bundle/google.png ... 
2026-08-29 06:27:33 +0000  643 bytes for ./Payload/WheelersDriver.app/GoogleSignIn.bundle/google.png
2026-08-29 06:27:33 +0000  copying file ./Payload/WheelersDriver.app/GoogleSignIn.bundle/Roboto-Bold.ttf ... 
2026-08-29 06:27:33 +0000  127744 bytes for ./Payload/WheelersDriver.app/GoogleSignIn.bundle/Roboto-Bold.ttf
2026-08-29 06:27:33 +0000  copying file ./Payload/WheelersDriver.app/GoogleSignIn.bundle/ro.lproj/GoogleSignIn.strings ... 
2026-08-29 06:27:33 +0000  1598 bytes for ./Payload/WheelersDriver.app/GoogleSignIn.bundle/ro.lproj/GoogleSignIn.strings
2026-08-29 06:27:33 +0000  copying file ./Payload/WheelersDriver.app/GoogleSignIn.bundle/Info.plist ... 
2026-08-29 06:27:33 +0000  769 bytes for ./Payload/WheelersDriver.app/GoogleSignIn.bundle/Info.plist
2026-08-29 06:27:33 +0000  copying file ./Payload/WheelersDriver.app/GoogleSignIn.bundle/hr.lproj/GoogleSignIn.strings ... 
2026-08-29 06:27:33 +0000  1621 bytes for ./Payload/WheelersDriver.app/GoogleSignIn.bundle/hr.lproj/GoogleSignIn.strings
2026-08-29 06:27:33 +0000  copying file ./Payload/WheelersDriver.app/GoogleSignIn.bundle/hi.lproj/GoogleSignIn.strings ... 
2026-08-29 06:27:33 +0000  2286 bytes for ./Payload/WheelersDriver.app/GoogleSignIn.bundle/hi.lproj/GoogleSignIn.strings
2026-08-29 06:27:33 +0000  copying file ./Payload/WheelersDriver.app/GoogleSignIn.bundle/ca.lproj/GoogleSignIn.strings ... 
1669 bytes for ./Payload/WheelersDriver.app/GoogleSignIn.bundle/ca.lproj/GoogleSignIn.strings
2026-08-29 06:27:33 +0000  copying file ./Payload/WheelersDriver.app/Assets.car ... 
2026-08-29 06:27:33 +0000  293496 bytes for ./Payload/WheelersDriver.app/Assets.car
2026-08-29 06:27:33 +0000  copying file ./Payload/WheelersDriver.app/AppIcon76x76@2x~ipad.png ... 
2026-08-29 06:27:33 +0000  4881 bytes for ./Payload/WheelersDriver.app/AppIcon76x76@2x~ipad.png
copying file ./Payload/WheelersDriver.app/AppAuthCore_Privacy.bundle/PrivacyInfo.xcprivacy ... 
391 bytes for ./Payload/WheelersDriver.app/AppAuthCore_Privacy.bundle/PrivacyInfo.xcprivacy
2026-08-29 06:27:33 +0000  copying file ./Payload/WheelersDriver.app/AppAuthCore_Privacy.bundle/Info.plist ... 
2026-08-29 06:27:33 +0000  785 bytes for ./Payload/WheelersDriver.app/AppAuthCore_Privacy.bundle/Info.plist
2026-08-29 06:27:33 +0000  copying file ./Payload/WheelersDriver.app/GoogleUtilities_Privacy.bundle/PrivacyInfo.xcprivacy ... 
2026-08-29 06:27:33 +0000  1233 bytes for ./Payload/WheelersDriver.app/GoogleUtilities_Privacy.bundle/PrivacyInfo.xcprivacy
copying file ./Payload/WheelersDriver.app/GoogleUtilities_Privacy.bundle/Info.plist ... 
2026-08-29 06:27:33 +0000  793 bytes for ./Payload/WheelersDriver.app/GoogleUtilities_Privacy.bundle/Info.plist
copying file ./Payload/WheelersDriver.app/main.jsbundle ... 
2026-08-29 06:27:33 +0000  6629292 bytes for ./Payload/WheelersDriver.app/main.jsbundle
2026-08-29 06:27:33 +0000  copying file ./Payload/WheelersDriver.app/EXConstants.bundle/app.config ... 
2026-08-29 06:27:33 +0000  3606 bytes for ./Payload/WheelersDriver.app/EXConstants.bundle/app.config
copying file ./Payload/WheelersDriver.app/EXConstants.bundle/Info.plist ... 
2026-08-29 06:27:33 +0000  769 bytes for ./Payload/WheelersDriver.app/EXConstants.bundle/Info.plist
2026-08-29 06:27:33 +0000  copying file ./Payload/WheelersDriver.app/SDWebImage.bundle/PrivacyInfo.xcprivacy ... 
2026-08-29 06:27:33 +0000  599 bytes for ./Payload/WheelersDriver.app/SDWebImage.bundle/PrivacyInfo.xcprivacy
copying file ./Payload/WheelersDriver.app/SDWebImage.bundle/Info.plist ... 
2026-08-29 06:27:33 +0000  765 bytes for ./Payload/WheelersDriver.app/SDWebImage.bundle/Info.plist
copying file ./Payload/WheelersDriver.app/PrivacyInfo.xcprivacy ... 
2026-08-29 06:27:33 +0000  1311 bytes for ./Payload/WheelersDriver.app/PrivacyInfo.xcprivacy
2026-08-29 06:27:33 +0000  copying file ./Payload/WheelersDriver.app/ExpoNotifications_privacy.bundle/PrivacyInfo.xcprivacy ... 
2026-08-29 06:27:33 +0000  607 bytes for ./Payload/WheelersDriver.app/ExpoNotifications_privacy.bundle/PrivacyInfo.xcprivacy
copying file ./Payload/WheelersDriver.app/ExpoNotifications_privacy.bundle/Info.plist ... 
2026-08-29 06:27:33 +0000  799 bytes for ./Payload/WheelersDriver.app/ExpoNotifications_privacy.bundle/Info.plist
2026-08-29 06:27:33 +0000  copying file ./Payload/WheelersDriver.app/RNSVGFilters.bundle/RNSVGArithmeticFilter.iphoneos.metallib ... 
2026-08-29 06:27:33 +0000  3993 bytes for ./Payload/WheelersDriver.app/RNSVGFilters.bundle/RNSVGArithmeticFilter.iphoneos.metallib
2026-08-29 06:27:33 +0000  copying file ./Payload/WheelersDriver.app/RNSVGFilters.bundle/RNSVGCompositeXor.iphoneos.metallib ... 
2026-08-29 06:27:33 +0000  3509 bytes for ./Payload/WheelersDriver.app/RNSVGFilters.bundle/RNSVGCompositeXor.iphoneos.metallib
2026-08-29 06:27:33 +0000  copying file ./Payload/WheelersDriver.app/RNSVGFilters.bundle/Info.plist ... 
771 bytes for ./Payload/WheelersDriver.app/RNSVGFilters.bundle/Info.plist
2026-08-29 06:27:33 +0000  copying file ./Payload/WheelersDriver.app/ExpoFileSystem_privacy.bundle/PrivacyInfo.xcprivacy ... 
2026-08-29 06:27:33 +0000  877 bytes for ./Payload/WheelersDriver.app/ExpoFileSystem_privacy.bundle/PrivacyInfo.xcprivacy
copying file ./Payload/WheelersDriver.app/ExpoFileSystem_privacy.bundle/Info.plist ... 
2026-08-29 06:27:33 +0000  793 bytes for ./Payload/WheelersDriver.app/ExpoFileSystem_privacy.bundle/Info.plist
2026-08-29 06:27:33 +0000  copying file ./Payload/WheelersDriver.app/ReactNativeMapsPrivacy.bundle/PrivacyInfo.xcprivacy ... 
2026-08-29 06:27:33 +0000  1209 bytes for ./Payload/WheelersDriver.app/ReactNativeMapsPrivacy.bundle/PrivacyInfo.xcprivacy
copying file ./Payload/WheelersDriver.app/ReactNativeMapsPrivacy.bundle/Info.plist ... 
792 bytes for ./Payload/WheelersDriver.app/ReactNativeMapsPrivacy.bundle/Info.plist
2026-08-29 06:27:33 +0000  copying file ./Payload/WheelersDriver.app/Frameworks/OpenSSL.framework/_CodeSignature/CodeResources ... 
2026-08-29 06:27:33 +0000  2034 bytes for ./Payload/WheelersDriver.app/Frameworks/OpenSSL.framework/_CodeSignature/CodeResources
copying file ./Payload/WheelersDriver.app/Frameworks/OpenSSL.framework/PrivacyInfo.xcprivacy ... 
2026-08-29 06:27:33 +0000  373 bytes for ./Payload/WheelersDriver.app/Frameworks/OpenSSL.framework/PrivacyInfo.xcprivacy
copying file ./Payload/WheelersDriver.app/Frameworks/OpenSSL.framework/OpenSSL ... 
2026-08-29 06:27:33 +0000  5113136 bytes for ./Payload/WheelersDriver.app/Frameworks/OpenSSL.framework/OpenSSL
2026-08-29 06:27:33 +0000  copying file ./Payload/WheelersDriver.app/Frameworks/OpenSSL.framework/Info.plist ... 
765 bytes for ./Payload/WheelersDriver.app/Frameworks/OpenSSL.framework/Info.plist
copying file ./Payload/WheelersDriver.app/Frameworks/React.framework/_CodeSignature/CodeResources ... 
1798 bytes for ./Payload/WheelersDriver.app/Frameworks/React.framework/_CodeSignature/CodeResources
copying file ./Payload/WheelersDriver.app/Frameworks/React.framework/React ... 
2026-08-29 06:27:33 +0000  11372576 bytes for ./Payload/WheelersDriver.app/Frameworks/React.framework/React
2026-08-29 06:27:33 +0000  copying file ./Payload/WheelersDriver.app/Frameworks/React.framework/Info.plist ... 
749 bytes for ./Payload/WheelersDriver.app/Frameworks/React.framework/Info.plist
copying file ./Payload/WheelersDriver.app/Frameworks/ReactNativeDependencies.framework/_CodeSignature/CodeResources ... 
3548 bytes for ./Payload/WheelersDriver.app/Frameworks/ReactNativeDependencies.framework/_CodeSignature/CodeResources
copying file ./Payload/WheelersDriver.app/Frameworks/ReactNativeDependencies.framework/ReactNativeDependencies_folly.bundle/PrivacyInfo.xcprivacy ... 
2026-08-29 06:27:33 +0000  552 bytes for ./Payload/WheelersDriver.app/Frameworks/ReactNativeDependencies.framework/ReactNativeDependencies_folly.bundle/PrivacyInfo.xcprivacy
copying file ./Payload/WheelersDriver.app/Frameworks/ReactNativeDependencies.framework/ReactNativeDependencies_folly.bundle/Info.plist ... 
690 bytes for ./Payload/WheelersDriver.app/Frameworks/ReactNativeDependencies.framework/ReactNativeDependencies_folly.bundle/Info.plist
2026-08-29 06:27:33 +0000  copying file ./Payload/WheelersDriver.app/Frameworks/ReactNativeDependencies.framework/ReactNativeDependencies ... 
2026-08-29 06:27:33 +0000  1287280 bytes for ./Payload/WheelersDriver.app/Frameworks/ReactNativeDependencies.framework/ReactNativeDependencies
2026-08-29 06:27:33 +0000  copying file ./Payload/WheelersDriver.app/Frameworks/ReactNativeDependencies.framework/ReactNativeDependencies_glog.bundle/PrivacyInfo.xcprivacy ... 
2026-08-29 06:27:33 +0000  552 bytes for ./Payload/WheelersDriver.app/Frameworks/ReactNativeDependencies.framework/ReactNativeDependencies_glog.bundle/PrivacyInfo.xcprivacy
2026-08-29 06:27:33 +0000  copying file ./Payload/WheelersDriver.app/Frameworks/ReactNativeDependencies.framework/ReactNativeDependencies_glog.bundle/Info.plist ... 
2026-08-29 06:27:33 +0000  688 bytes for ./Payload/WheelersDriver.app/Frameworks/ReactNativeDependencies.framework/ReactNativeDependencies_glog.bundle/Info.plist
2026-08-29 06:27:33 +0000  copying file ./Payload/WheelersDriver.app/Frameworks/ReactNativeDependencies.framework/ReactNativeDependencies_boost.bundle/PrivacyInfo.xcprivacy ... 
2026-08-29 06:27:33 +0000  776 bytes for ./Payload/WheelersDriver.app/Frameworks/ReactNativeDependencies.framework/ReactNativeDependencies_boost.bundle/PrivacyInfo.xcprivacy
2026-08-29 06:27:33 +0000  copying file ./Payload/WheelersDriver.app/Frameworks/ReactNativeDependencies.framework/ReactNativeDependencies_boost.bundle/Info.plist ... 
2026-08-29 06:27:33 +0000  690 bytes for ./Payload/WheelersDriver.app/Frameworks/ReactNativeDependencies.framework/ReactNativeDependencies_boost.bundle/Info.plist
2026-08-29 06:27:33 +0000  copying file ./Payload/WheelersDriver.app/Frameworks/ReactNativeDependencies.framework/Info.plist ... 
2026-08-29 06:27:33 +0000  782 bytes for ./Payload/WheelersDriver.app/Frameworks/ReactNativeDependencies.framework/Info.plist
2026-08-29 06:27:33 +0000  copying file ./Payload/WheelersDriver.app/Frameworks/hermes.framework/_CodeSignature/CodeResources ... 
2026-08-29 06:27:33 +0000  1798 bytes for ./Payload/WheelersDriver.app/Frameworks/hermes.framework/_CodeSignature/CodeResources
2026-08-29 06:27:33 +0000  copying file ./Payload/WheelersDriver.app/Frameworks/hermes.framework/hermes ... 
2026-08-29 06:27:33 +0000  4755616 bytes for ./Payload/WheelersDriver.app/Frameworks/hermes.framework/hermes
2026-08-29 06:27:33 +0000  copying file ./Payload/WheelersDriver.app/Frameworks/hermes.framework/Info.plist ... 
859 bytes for ./Payload/WheelersDriver.app/Frameworks/hermes.framework/Info.plist
copying file ./Payload/WheelersDriver.app/embedded.mobileprovision ... 
12629 bytes for ./Payload/WheelersDriver.app/embedded.mobileprovision
2026-08-29 06:27:33 +0000  copying file ./Payload/WheelersDriver.app/assets/node_modules/@react-navigation/elements/lib/module/assets/back-icon@3x.png ... 
2026-08-29 06:27:33 +0000  761 bytes for ./Payload/WheelersDriver.app/assets/node_modules/@react-navigation/elements/lib/module/assets/back-icon@3x.png
2026-08-29 06:27:33 +0000  copying file ./Payload/WheelersDriver.app/assets/node_modules/@react-navigation/elements/lib/module/assets/back-icon@2x.png ... 
2026-08-29 06:27:33 +0000  405 bytes for ./Payload/WheelersDriver.app/assets/node_modules/@react-navigation/elements/lib/module/assets/back-icon@2x.png
2026-08-29 06:27:33 +0000  copying file ./Payload/WheelersDriver.app/assets/node_modules/@react-navigation/elements/lib/module/assets/search-icon@2x.png ... 
2026-08-29 06:27:33 +0000  589 bytes for ./Payload/WheelersDriver.app/assets/node_modules/@react-navigation/elements/lib/module/assets/search-icon@2x.png
2026-08-29 06:27:33 +0000  copying file ./Payload/WheelersDriver.app/assets/node_modules/@react-navigation/elements/lib/module/assets/clear-icon@3x.png ... 
2026-08-29 06:27:33 +0000  502 bytes for ./Payload/WheelersDriver.app/assets/node_modules/@react-navigation/elements/lib/module/assets/clear-icon@3x.png
2026-08-29 06:27:33 +0000  copying file ./Payload/WheelersDriver.app/assets/node_modules/@react-navigation/elements/lib/module/assets/back-icon.png ... 
2026-08-29 06:27:33 +0000  290 bytes for ./Payload/WheelersDriver.app/assets/node_modules/@react-navigation/elements/lib/module/assets/back-icon.png
2026-08-29 06:27:33 +0000  copying file ./Payload/WheelersDriver.app/assets/node_modules/@react-navigation/elements/lib/module/assets/clear-icon@2x.png ... 
2026-08-29 06:27:33 +0000  334 bytes for ./Payload/WheelersDriver.app/assets/node_modules/@react-navigation/elements/lib/module/assets/clear-icon@2x.png
2026-08-29 06:27:33 +0000  copying file ./Payload/WheelersDriver.app/assets/node_modules/@react-navigation/elements/lib/module/assets/search-icon@3x.png ... 
2026-08-29 06:27:33 +0000  839 bytes for ./Payload/WheelersDriver.app/assets/node_modules/@react-navigation/elements/lib/module/assets/search-icon@3x.png
2026-08-29 06:27:33 +0000  copying file ./Payload/WheelersDriver.app/assets/node_modules/@react-navigation/elements/lib/module/assets/close-icon.png ... 
2026-08-29 06:27:33 +0000  141 bytes for ./Payload/WheelersDriver.app/assets/node_modules/@react-navigation/elements/lib/module/assets/close-icon.png
2026-08-29 06:27:33 +0000  copying file ./Payload/WheelersDriver.app/assets/node_modules/@react-navigation/elements/lib/module/assets/back-icon-mask.png ... 
2026-08-29 06:27:33 +0000  653 bytes for ./Payload/WheelersDriver.app/assets/node_modules/@react-navigation/elements/lib/module/assets/back-icon-mask.png
copying file ./Payload/WheelersDriver.app/assets/node_modules/@react-navigation/elements/lib/module/assets/close-icon@2x.png ... 
2026-08-29 06:27:33 +0000  201 bytes for ./Payload/WheelersDriver.app/assets/node_modules/@react-navigation/elements/lib/module/assets/close-icon@2x.png
2026-08-29 06:27:33 +0000  copying file ./Payload/WheelersDriver.app/assets/node_modules/@react-navigation/elements/lib/module/assets/close-icon@3x.png ... 
2026-08-29 06:27:33 +0000  266 bytes for ./Payload/WheelersDriver.app/assets/node_modules/@react-navigation/elements/lib/module/assets/close-icon@3x.png
2026-08-29 06:27:33 +0000  copying file ./Payload/WheelersDriver.app/assets/node_modules/@react-navigation/elements/lib/module/assets/clear-icon.png ... 
2026-08-29 06:27:33 +0000  220 bytes for ./Payload/WheelersDriver.app/assets/node_modules/@react-navigation/elements/lib/module/assets/clear-icon.png
2026-08-29 06:27:33 +0000  copying file ./Payload/WheelersDriver.app/assets/node_modules/@react-navigation/elements/lib/module/assets/search-icon.png ... 
2026-08-29 06:27:33 +0000  317 bytes for ./Payload/WheelersDriver.app/assets/node_modules/@react-navigation/elements/lib/module/assets/search-icon.png
2026-08-29 06:27:33 +0000  copying file ./Payload/WheelersDriver.app/assets/node_modules/@expo/vector-icons/build/vendor/react-native-vector-icons/Fonts/Fontisto.ttf ... 
2026-08-29 06:27:33 +0000  313528 bytes for ./Payload/WheelersDriver.app/assets/node_modules/@expo/vector-icons/build/vendor/react-native-vector-icons/Fonts/Fontisto.ttf
2026-08-29 06:27:33 +0000  copying file ./Payload/WheelersDriver.app/assets/node_modules/@expo/vector-icons/build/vendor/react-native-vector-icons/Fonts/Octicons.ttf ... 
2026-08-29 06:27:33 +0000  69436 bytes for ./Payload/WheelersDriver.app/assets/node_modules/@expo/vector-icons/build/vendor/react-native-vector-icons/Fonts/Octicons.ttf
2026-08-29 06:27:33 +0000  copying file ./Payload/WheelersDriver.app/assets/node_modules/@expo/vector-icons/build/vendor/react-native-vector-icons/Fonts/Feather.ttf ... 
2026-08-29 06:27:33 +0000  55596 bytes for ./Payload/WheelersDriver.app/assets/node_modules/@expo/vector-icons/build/vendor/react-native-vector-icons/Fonts/Feather.ttf
2026-08-29 06:27:33 +0000  copying file ./Payload/WheelersDriver.app/assets/node_modules/@expo/vector-icons/build/vendor/react-native-vector-icons/Fonts/FontAwesome6_Regular.ttf ... 
2026-08-29 06:27:33 +0000  67976 bytes for ./Payload/WheelersDriver.app/assets/node_modules/@expo/vector-icons/build/vendor/react-native-vector-icons/Fonts/FontAwesome6_Regular.ttf
2026-08-29 06:27:33 +0000  copying file ./Payload/WheelersDriver.app/assets/node_modules/@expo/vector-icons/build/vendor/react-native-vector-icons/Fonts/Entypo.ttf ... 
2026-08-29 06:27:33 +0000  66200 bytes for ./Payload/WheelersDriver.app/assets/node_modules/@expo/vector-icons/build/vendor/react-native-vector-icons/Fonts/Entypo.ttf
2026-08-29 06:27:33 +0000  copying file ./Payload/WheelersDriver.app/assets/node_modules/@expo/vector-icons/build/vendor/react-native-vector-icons/Fonts/FontAwesome5_Brands.ttf ... 
2026-08-29 06:27:33 +0000  134040 bytes for ./Payload/WheelersDriver.app/assets/node_modules/@expo/vector-icons/build/vendor/react-native-vector-icons/Fonts/FontAwesome5_Brands.ttf
2026-08-29 06:27:33 +0000  copying file ./Payload/WheelersDriver.app/assets/node_modules/@expo/vector-icons/build/vendor/react-native-vector-icons/Fonts/MaterialCommunityIcons.ttf ... 
2026-08-29 06:27:33 +0000  1307660 bytes for ./Payload/WheelersDriver.app/assets/node_modules/@expo/vector-icons/build/vendor/react-native-vector-icons/Fonts/MaterialCommunityIcons.ttf
2026-08-29 06:27:33 +0000  copying file ./Payload/WheelersDriver.app/assets/node_modules/@expo/vector-icons/build/vendor/react-native-vector-icons/Fonts/AntDesign.ttf ... 
2026-08-29 06:27:33 +0000  130484 bytes for ./Payload/WheelersDriver.app/assets/node_modules/@expo/vector-icons/build/vendor/react-native-vector-icons/Fonts/AntDesign.ttf
2026-08-29 06:27:33 +0000  copying file ./Payload/WheelersDriver.app/assets/node_modules/@expo/vector-icons/build/vendor/react-native-vector-icons/Fonts/Foundation.ttf ... 
2026-08-29 06:27:33 +0000  56976 bytes for ./Payload/WheelersDriver.app/assets/node_modules/@expo/vector-icons/build/vendor/react-native-vector-icons/Fonts/Foundation.ttf
2026-08-29 06:27:33 +0000  copying file ./Payload/WheelersDriver.app/assets/node_modules/@expo/vector-icons/build/vendor/react-native-vector-icons/Fonts/Ionicons.ttf ... 
2026-08-29 06:27:33 +0000  389724 bytes for ./Payload/WheelersDriver.app/assets/node_modules/@expo/vector-icons/build/vendor/react-native-vector-icons/Fonts/Ionicons.ttf
2026-08-29 06:27:33 +0000  copying file ./Payload/WheelersDriver.app/assets/node_modules/@expo/vector-icons/build/vendor/react-native-vector-icons/Fonts/FontAwesome5_Solid.ttf ... 
2026-08-29 06:27:33 +0000  202744 bytes for ./Payload/WheelersDriver.app/assets/node_modules/@expo/vector-icons/build/vendor/react-native-vector-icons/Fonts/FontAwesome5_Solid.ttf
2026-08-29 06:27:33 +0000  copying file ./Payload/WheelersDriver.app/assets/node_modules/@expo/vector-icons/build/vendor/react-native-vector-icons/Fonts/FontAwesome5_Regular.ttf ... 
2026-08-29 06:27:33 +0000  33736 bytes for ./Payload/WheelersDriver.app/assets/node_modules/@expo/vector-icons/build/vendor/react-native-vector-icons/Fonts/FontAwesome5_Regular.ttf
2026-08-29 06:27:33 +0000  copying file ./Payload/WheelersDriver.app/assets/node_modules/@expo/vector-icons/build/vendor/react-native-vector-icons/Fonts/FontAwesome.ttf ... 
2026-08-29 06:27:33 +0000  165548 bytes for ./Payload/WheelersDriver.app/assets/node_modules/@expo/vector-icons/build/vendor/react-native-vector-icons/Fonts/FontAwesome.ttf
2026-08-29 06:27:33 +0000  copying file ./Payload/WheelersDriver.app/assets/node_modules/@expo/vector-icons/build/vendor/react-native-vector-icons/Fonts/Zocial.ttf ... 
2026-08-29 06:27:33 +0000  25788 bytes for ./Payload/WheelersDriver.app/assets/node_modules/@expo/vector-icons/build/vendor/react-native-vector-icons/Fonts/Zocial.ttf
2026-08-29 06:27:33 +0000  copying file ./Payload/WheelersDriver.app/assets/node_modules/@expo/vector-icons/build/vendor/react-native-vector-icons/Fonts/EvilIcons.ttf ... 
2026-08-29 06:27:33 +0000  13456 bytes for ./Payload/WheelersDriver.app/assets/node_modules/@expo/vector-icons/build/vendor/react-native-vector-icons/Fonts/EvilIcons.ttf
2026-08-29 06:27:33 +0000  copying file ./Payload/WheelersDriver.app/assets/node_modules/@expo/vector-icons/build/vendor/react-native-vector-icons/Fonts/FontAwesome6_Solid.ttf ... 
2026-08-29 06:27:33 +0000  423676 bytes for ./Payload/WheelersDriver.app/assets/node_modules/@expo/vector-icons/build/vendor/react-native-vector-icons/Fonts/FontAwesome6_Solid.ttf
2026-08-29 06:27:33 +0000  copying file ./Payload/WheelersDriver.app/assets/node_modules/@expo/vector-icons/build/vendor/react-native-vector-icons/Fonts/SimpleLineIcons.ttf ... 
2026-08-29 06:27:33 +0000  54056 bytes for ./Payload/WheelersDriver.app/assets/node_modules/@expo/vector-icons/build/vendor/react-native-vector-icons/Fonts/SimpleLineIcons.ttf
2026-08-29 06:27:33 +0000  copying file ./Payload/WheelersDriver.app/assets/node_modules/@expo/vector-icons/build/vendor/react-native-vector-icons/Fonts/FontAwesome6_Brands.ttf ... 
2026-08-29 06:27:33 +0000  209376 bytes for ./Payload/WheelersDriver.app/assets/node_modules/@expo/vector-icons/build/vendor/react-native-vector-icons/Fonts/FontAwesome6_Brands.ttf
2026-08-29 06:27:33 +0000  copying file ./Payload/WheelersDriver.app/assets/node_modules/@expo/vector-icons/build/vendor/react-native-vector-icons/Fonts/MaterialIcons.ttf ... 
2026-08-29 06:27:33 +0000  356840 bytes for ./Payload/WheelersDriver.app/assets/node_modules/@expo/vector-icons/build/vendor/react-native-vector-icons/Fonts/MaterialIcons.ttf
2026-08-29 06:27:33 +0000  copying file ./Payload/WheelersDriver.app/assets/node_modules/expo-router/assets/pkg.png ... 
2026-08-29 06:27:33 +0000  364 bytes for ./Payload/WheelersDriver.app/assets/node_modules/expo-router/assets/pkg.png
2026-08-29 06:27:33 +0000  copying file ./Payload/WheelersDriver.app/assets/node_modules/expo-router/assets/unmatched.png ... 
2026-08-29 06:27:33 +0000  4752 bytes for ./Payload/WheelersDriver.app/assets/node_modules/expo-router/assets/unmatched.png
2026-08-29 06:27:33 +0000  copying file ./Payload/WheelersDriver.app/assets/node_modules/expo-router/assets/file.png ... 
2026-08-29 06:27:33 +0000  138 bytes for ./Payload/WheelersDriver.app/assets/node_modules/expo-router/assets/file.png
2026-08-29 06:27:33 +0000  copying file ./Payload/WheelersDriver.app/assets/node_modules/expo-router/assets/forward.png ... 
2026-08-29 06:27:33 +0000  188 bytes for ./Payload/WheelersDriver.app/assets/node_modules/expo-router/assets/forward.png
2026-08-29 06:27:33 +0000  copying file ./Payload/WheelersDriver.app/assets/node_modules/expo-router/assets/error.png ... 
2026-08-29 06:27:33 +0000  469 bytes for ./Payload/WheelersDriver.app/assets/node_modules/expo-router/assets/error.png
2026-08-29 06:27:33 +0000  copying file ./Payload/WheelersDriver.app/assets/node_modules/expo-router/assets/sitemap.png ... 
2026-08-29 06:27:33 +0000  465 bytes for ./Payload/WheelersDriver.app/assets/node_modules/expo-router/assets/sitemap.png
2026-08-29 06:27:33 +0000  copying file ./Payload/WheelersDriver.app/assets/node_modules/expo-router/assets/arrow_down.png ... 
2026-08-29 06:27:33 +0000  9456 bytes for ./Payload/WheelersDriver.app/assets/node_modules/expo-router/assets/arrow_down.png
2026-08-29 06:27:33 +0000  copying file ./Payload/WheelersDriver.app/assets/assets/images/splash-wordmark-light.png ... 
2026-08-29 06:27:33 +0000  111475 bytes for ./Payload/WheelersDriver.app/assets/assets/images/splash-wordmark-light.png
2026-08-29 06:27:33 +0000  copying file ./Payload/WheelersDriver.app/assets/assets/images/splash-wordmark-dark.png ... 
2026-08-29 06:27:33 +0000  152038 bytes for ./Payload/WheelersDriver.app/assets/assets/images/splash-wordmark-dark.png
2026-08-29 06:27:33 +0000  copying file ./Payload/WheelersDriver.app/assets/assets/sounds/ride-request.wav ... 
2026-08-29 06:27:33 +0000  132344 bytes for ./Payload/WheelersDriver.app/assets/assets/sounds/ride-request.wav
2026-08-29 06:27:33 +0000  copying file ./Payload/WheelersDriver.app/assets/assets/fonts/ClashDisplay-Semibold.ttf ... 
2026-08-29 06:27:33 +0000  45620 bytes for ./Payload/WheelersDriver.app/assets/assets/fonts/ClashDisplay-Semibold.ttf
2026-08-29 06:27:33 +0000  copying file ./Payload/WheelersDriver.app/assets/assets/fonts/ClashDisplay-Medium.ttf ... 
2026-08-29 06:27:33 +0000  45660 bytes for ./Payload/WheelersDriver.app/assets/assets/fonts/ClashDisplay-Medium.ttf
2026-08-29 06:27:33 +0000  copying file ./Payload/WheelersDriver.app/assets/assets/fonts/ClashDisplay-Regular.ttf ... 
2026-08-29 06:27:33 +0000  45484 bytes for ./Payload/WheelersDriver.app/assets/assets/fonts/ClashDisplay-Regular.ttf
2026-08-29 06:27:33 +0000  copying file ./Payload/WheelersDriver.app/assets/assets/fonts/ClashDisplay-Bold.ttf ... 
2026-08-29 06:27:33 +0000  45436 bytes for ./Payload/WheelersDriver.app/assets/assets/fonts/ClashDisplay-Bold.ttf
2026-08-29 06:27:33 +0000  copying file ./Payload/WheelersDriver.app/assets/assets/fonts/Shrikhand-Regular.ttf ... 
2026-08-29 06:27:33 +0000  220804 bytes for ./Payload/WheelersDriver.app/assets/assets/fonts/Shrikhand-Regular.ttf
2026-08-29 06:27:33 +0000  copying file ./Payload/WheelersDriver.app/GoogleMapsResources.bundle/GoogleMaps.bundle/bubble_left@3x.png ... 
2026-08-29 06:27:33 +0000  2386 bytes for ./Payload/WheelersDriver.app/GoogleMapsResources.bundle/GoogleMaps.bundle/bubble_left@3x.png
2026-08-29 06:27:33 +0000  copying file ./Payload/WheelersDriver.app/GoogleMapsResources.bundle/GoogleMaps.bundle/bubble_left.png ... 
2026-08-29 06:27:33 +0000  451 bytes for ./Payload/WheelersDriver.app/GoogleMapsResources.bundle/GoogleMaps.bundle/bubble_left.png
2026-08-29 06:27:33 +0000  copying file ./Payload/WheelersDriver.app/GoogleMapsResources.bundle/GoogleMaps.bundle/bubble_left@2x.png ... 
2026-08-29 06:27:33 +0000  1055 bytes for ./Payload/WheelersDriver.app/GoogleMapsResources.bundle/GoogleMaps.bundle/bubble_left@2x.png
2026-08-29 06:27:33 +0000  copying file ./Payload/WheelersDriver.app/GoogleMapsResources.bundle/GoogleMaps.bundle/bubble_right@3x.png ... 
2026-08-29 06:27:33 +0000  2374 bytes for ./Payload/WheelersDriver.app/GoogleMapsResources.bundle/GoogleMaps.bundle/bubble_right@3x.png
2026-08-29 06:27:33 +0000  copying file ./Payload/WheelersDriver.app/GoogleMapsResources.bundle/GoogleMaps.bundle/ic_error.png ... 
2026-08-29 06:27:33 +0000  236 bytes for ./Payload/WheelersDriver.app/GoogleMapsResources.bundle/GoogleMaps.bundle/ic_error.png
2026-08-29 06:27:33 +0000  copying file ./Payload/WheelersDriver.app/GoogleMapsResources.bundle/GoogleMaps.bundle/bubble_right@2x.png ... 
2026-08-29 06:27:33 +0000  1051 bytes for ./Payload/WheelersDriver.app/GoogleMapsResources.bundle/GoogleMaps.bundle/bubble_right@2x.png
2026-08-29 06:27:33 +0000  copying file ./Payload/WheelersDriver.app/GoogleMapsResources.bundle/GoogleMaps.bundle/GMSCoreResources.bundle/de.lproj/GMSCore.strings ... 
2026-08-29 06:27:33 +0000  4308 bytes for ./Payload/WheelersDriver.app/GoogleMapsResources.bundle/GoogleMaps.bundle/GMSCoreResources.bundle/de.lproj/GMSCore.strings
2026-08-29 06:27:33 +0000  copying file ./Payload/WheelersDriver.app/GoogleMapsResources.bundle/GoogleMaps.bundle/GMSCoreResources.bundle/he.lproj/GMSCore.strings ... 
2026-08-29 06:27:33 +0000  4436 bytes for ./Payload/WheelersDriver.app/GoogleMapsResources.bundle/GoogleMaps.bundle/GMSCoreResources.bundle/he.lproj/GMSCore.strings
2026-08-29 06:27:33 +0000  copying file ./Payload/WheelersDriver.app/GoogleMapsResources.bundle/GoogleMaps.bundle/GMSCoreResources.bundle/en_AU.lproj/GMSCore.strings ... 
2026-08-29 06:27:33 +0000  4078 bytes for ./Payload/WheelersDriver.app/GoogleMapsResources.bundle/GoogleMaps.bundle/GMSCoreResources.bundle/en_AU.lproj/GMSCore.strings
2026-08-29 06:27:33 +0000  copying file ./Payload/WheelersDriver.app/GoogleMapsResources.bundle/GoogleMaps.bundle/GMSCoreResources.bundle/ic_covid_medical_waypoint_alert_32pt@2x.png ... 
2026-08-29 06:27:33 +0000  943 bytes for ./Payload/WheelersDriver.app/GoogleMapsResources.bundle/GoogleMaps.bundle/GMSCoreResources.bundle/ic_covid_medical_waypoint_alert_32pt@2x.png
2026-08-29 06:27:33 +0000  copying file ./Payload/WheelersDriver.app/GoogleMapsResources.bundle/GoogleMaps.bundle/GMSCoreResources.bundle/ar.lproj/GMSCore.strings ... 
2026-08-29 06:27:33 +0000  5230 bytes for ./Payload/WheelersDriver.app/GoogleMapsResources.bundle/GoogleMaps.bundle/GMSCoreResources.bundle/ar.lproj/GMSCore.strings
2026-08-29 06:27:33 +0000  copying file ./Payload/WheelersDriver.app/GoogleMapsResources.bundle/GoogleMaps.bundle/GMSCoreResources.bundle/el.lproj/GMSCore.strings ... 
2026-08-29 06:27:33 +0000  4694 bytes for ./Payload/WheelersDriver.app/GoogleMapsResources.bundle/GoogleMaps.bundle/GMSCoreResources.bundle/el.lproj/GMSCore.strings
2026-08-29 06:27:33 +0000  copying file ./Payload/WheelersDriver.app/GoogleMapsResources.bundle/GoogleMaps.bundle/GMSCoreResources.bundle/ja.lproj/GMSCore.strings ... 
2026-08-29 06:27:33 +0000  3880 bytes for ./Payload/WheelersDriver.app/GoogleMapsResources.bundle/GoogleMaps.bundle/GMSCoreResources.bundle/ja.lproj/GMSCore.strings
2026-08-29 06:27:33 +0000  copying file ./Payload/WheelersDriver.app/GoogleMapsResources.bundle/GoogleMaps.bundle/GMSCoreResources.bundle/ic_covid_checkpoint_waypoint_alert_night_32pt.png ... 
2026-08-29 06:27:33 +0000  602 bytes for ./Payload/WheelersDriver.app/GoogleMapsResources.bundle/GoogleMaps.bundle/GMSCoreResources.bundle/ic_covid_checkpoint_waypoint_alert_night_32pt.png
2026-08-29 06:27:33 +0000  copying file ./Payload/WheelersDriver.app/GoogleMapsResources.bundle/GoogleMaps.bundle/GMSCoreResources.bundle/sq.lproj/GMSCore.strings ... 
2026-08-29 06:27:33 +0000  4410 bytes for ./Payload/WheelersDriver.app/GoogleMapsResources.bundle/GoogleMaps.bundle/GMSCoreResources.bundle/sq.lproj/GMSCore.strings
2026-08-29 06:27:33 +0000  copying file ./Payload/WheelersDriver.app/GoogleMapsResources.bundle/GoogleMaps.bundle/GMSCoreResources.bundle/ic_qu_direction_mylocation@2x.png ... 
2026-08-29 06:27:33 +0000  663 bytes for ./Payload/WheelersDriver.app/GoogleMapsResources.bundle/GoogleMaps.bundle/GMSCoreResources.bundle/ic_qu_direction_mylocation@2x.png
2026-08-29 06:27:33 +0000  copying file ./Payload/WheelersDriver.app/GoogleMapsResources.bundle/GoogleMaps.bundle/GMSCoreResources.bundle/en.lproj/GMSCore.strings ... 
2026-08-29 06:27:33 +0000  4061 bytes for ./Payload/WheelersDriver.app/GoogleMapsResources.bundle/GoogleMaps.bundle/GMSCoreResources.bundle/en.lproj/GMSCore.strings
2026-08-29 06:27:33 +0000  copying file ./Payload/WheelersDriver.app/GoogleMapsResources.bundle/GoogleMaps.bundle/GMSCoreResources.bundle/ic_covid_border_waypoint_alert_32pt.png ... 
2026-08-29 06:27:33 +0000  422 bytes for ./Payload/WheelersDriver.app/GoogleMapsResources.bundle/GoogleMaps.bundle/GMSCoreResources.bundle/ic_covid_border_waypoint_alert_32pt.png
2026-08-29 06:27:33 +0000  copying file ./Payload/WheelersDriver.app/GoogleMapsResources.bundle/GoogleMaps.bundle/GMSCoreResources.bundle/uk.lproj/GMSCore.strings ... 
2026-08-29 06:27:33 +0000  4963 bytes for ./Payload/WheelersDriver.app/GoogleMapsResources.bundle/GoogleMaps.bundle/GMSCoreResources.bundle/uk.lproj/GMSCore.strings
2026-08-29 06:27:33 +0000  copying file ./Payload/WheelersDriver.app/GoogleMapsResources.bundle/GoogleMaps.bundle/GMSCoreResources.bundle/ic_qu_direction_mylocation.png ... 
2026-08-29 06:27:33 +0000  362 bytes for ./Payload/WheelersDriver.app/GoogleMapsResources.bundle/GoogleMaps.bundle/GMSCoreResources.bundle/ic_qu_direction_mylocation.png
2026-08-29 06:27:33 +0000  copying file ./Payload/WheelersDriver.app/GoogleMapsResources.bundle/GoogleMaps.bundle/GMSCoreResources.bundle/es_419.lproj/GMSCore.strings ... 
2026-08-29 06:27:33 +0000  4376 bytes for ./Payload/WheelersDriver.app/GoogleMapsResources.bundle/GoogleMaps.bundle/GMSCoreResources.bundle/es_419.lproj/GMSCore.strings
2026-08-29 06:27:33 +0000  copying file ./Payload/WheelersDriver.app/GoogleMapsResources.bundle/GoogleMaps.bundle/GMSCoreResources.bundle/GMSSprites-0-1x.png ... 
2026-08-29 06:27:33 +0000  13906 bytes for ./Payload/WheelersDriver.app/GoogleMapsResources.bundle/GoogleMaps.bundle/GMSCoreResources.bundle/GMSSprites-0-1x.png
2026-08-29 06:27:33 +0000  copying file ./Payload/WheelersDriver.app/GoogleMapsResources.bundle/GoogleMaps.bundle/GMSCoreResources.bundle/ic_compass_needle_large@2x.png ... 
2026-08-29 06:27:33 +0000  2446 bytes for ./Payload/WheelersDriver.app/GoogleMapsResources.bundle/GoogleMaps.bundle/GMSCoreResources.bundle/ic_compass_needle_large@2x.png
2026-08-29 06:27:33 +0000  copying file ./Payload/WheelersDriver.app/GoogleMapsResources.bundle/GoogleMaps.bundle/GMSCoreResources.bundle/ic_compass_needle_large@3x.png ... 
2026-08-29 06:27:33 +0000  3304 bytes for ./Payload/WheelersDriver.app/GoogleMapsResources.bundle/GoogleMaps.bundle/GMSCoreResources.bundle/ic_compass_needle_large@3x.png
2026-08-29 06:27:33 +0000  copying file ./Payload/WheelersDriver.app/GoogleMapsResources.bundle/GoogleMaps.bundle/GMSCoreResources.bundle/es_MX.lproj/GMSCore.strings ... 
2026-08-29 06:27:33 +0000  4376 bytes for ./Payload/WheelersDriver.app/GoogleMapsResources.bundle/GoogleMaps.bundle/GMSCoreResources.bundle/es_MX.lproj/GMSCore.strings
2026-08-29 06:27:33 +0000  copying file ./Payload/WheelersDriver.app/GoogleMapsResources.bundle/GoogleMaps.bundle/GMSCoreResources.bundle/ic_compass_needle_large.png ... 
2026-08-29 06:27:33 +0000  1114 bytes for ./Payload/WheelersDriver.app/GoogleMapsResources.bundle/GoogleMaps.bundle/GMSCoreResources.bundle/ic_compass_needle_large.png
2026-08-29 06:27:33 +0000  copying file ./Payload/WheelersDriver.app/GoogleMapsResources.bundle/GoogleMaps.bundle/GMSCoreResources.bundle/zh_CN.lproj/GMSCore.strings ... 
2026-08-29 06:27:33 +0000  3871 bytes for ./Payload/WheelersDriver.app/GoogleMapsResources.bundle/GoogleMaps.bundle/GMSCoreResources.bundle/zh_CN.lproj/GMSCore.strings
2026-08-29 06:27:33 +0000  copying file ./Payload/WheelersDriver.app/GoogleMapsResources.bundle/GoogleMaps.bundle/GMSCoreResources.bundle/ic_qu_direction_mylocation@3x.png ... 
2026-08-29 06:27:33 +0000  1240 bytes for ./Payload/WheelersDriver.app/GoogleMapsResources.bundle/GoogleMaps.bundle/GMSCoreResources.bundle/ic_qu_direction_mylocation@3x.png
2026-08-29 06:27:33 +0000  copying file ./Payload/WheelersDriver.app/GoogleMapsResources.bundle/GoogleMaps.bundle/GMSCoreResources.bundle/DroidSansMerged-Regular.ttf ... 
2026-08-29 06:27:33 +0000  392092 bytes for ./Payload/WheelersDriver.app/GoogleMapsResources.bundle/GoogleMaps.bundle/GMSCoreResources.bundle/DroidSansMerged-Regular.ttf
2026-08-29 06:27:33 +0000  copying file ./Payload/WheelersDriver.app/GoogleMapsResources.bundle/GoogleMaps.bundle/GMSCoreResources.bundle/nb.lproj/GMSCore.strings ... 
2026-08-29 06:27:33 +0000  4211 bytes for ./Payload/WheelersDriver.app/GoogleMapsResources.bundle/GoogleMaps.bundle/GMSCoreResources.bundle/nb.lproj/GMSCore.strings
2026-08-29 06:27:33 +0000  copying file ./Payload/WheelersDriver.app/GoogleMapsResources.bundle/GoogleMaps.bundle/GMSCoreResources.bundle/es.lproj/GMSCore.strings ... 
2026-08-29 06:27:33 +0000  4377 bytes for ./Payload/WheelersDriver.app/GoogleMapsResources.bundle/GoogleMaps.bundle/GMSCoreResources.bundle/es.lproj/GMSCore.strings
2026-08-29 06:27:33 +0000  copying file ./Payload/WheelersDriver.app/GoogleMapsResources.bundle/GoogleMaps.bundle/GMSCoreResources.bundle/sw.lproj/GMSCore.strings ... 
2026-08-29 06:27:33 +0000  4171 bytes for ./Payload/WheelersDriver.app/GoogleMapsResources.bundle/GoogleMaps.bundle/GMSCoreResources.bundle/sw.lproj/GMSCore.strings
2026-08-29 06:27:33 +0000  copying file ./Payload/WheelersDriver.app/GoogleMapsResources.bundle/GoogleMaps.bundle/GMSCoreResources.bundle/ic_covid_medical_waypoint_alert_32pt@3x.png ... 
2026-08-29 06:27:33 +0000  1203 bytes for ./Payload/WheelersDriver.app/GoogleMapsResources.bundle/GoogleMaps.bundle/GMSCoreResources.bundle/ic_covid_medical_waypoint_alert_32pt@3x.png
2026-08-29 06:27:33 +0000  copying file ./Payload/WheelersDriver.app/GoogleMapsResources.bundle/GoogleMaps.bundle/GMSCoreResources.bundle/pt_BR.lproj/GMSCore.strings ... 
2026-08-29 06:27:33 +0000  4388 bytes for ./Payload/WheelersDriver.app/GoogleMapsResources.bundle/GoogleMaps.bundle/GMSCoreResources.bundle/pt_BR.lproj/GMSCore.strings
2026-08-29 06:27:33 +0000  copying file ./Payload/WheelersDriver.app/GoogleMapsResources.bundle/GoogleMaps.bundle/GMSCoreResources.bundle/da.lproj/GMSCore.strings ... 
2026-08-29 06:27:33 +0000  4321 bytes for ./Payload/WheelersDriver.app/GoogleMapsResources.bundle/GoogleMaps.bundle/GMSCoreResources.bundle/da.lproj/GMSCore.strings
2026-08-29 06:27:33 +0000  copying file ./Payload/WheelersDriver.app/GoogleMapsResources.bundle/GoogleMaps.bundle/GMSCoreResources.bundle/ic_location_off@3x.png ... 
2026-08-29 06:27:33 +0000  1577 bytes for ./Payload/WheelersDriver.app/GoogleMapsResources.bundle/GoogleMaps.bundle/GMSCoreResources.bundle/ic_location_off@3x.png
2026-08-29 06:27:33 +0000  copying file ./Payload/WheelersDriver.app/GoogleMapsResources.bundle/GoogleMaps.bundle/GMSCoreResources.bundle/it.lproj/GMSCore.strings ... 
2026-08-29 06:27:33 +0000  4115 bytes for ./Payload/WheelersDriver.app/GoogleMapsResources.bundle/GoogleMaps.bundle/GMSCoreResources.bundle/it.lproj/GMSCore.strings
2026-08-29 06:27:33 +0000  copying file ./Payload/WheelersDriver.app/GoogleMapsResources.bundle/GoogleMaps.bundle/GMSCoreResources.bundle/sk.lproj/GMSCore.strings ... 
2026-08-29 06:27:33 +0000  4441 bytes for ./Payload/WheelersDriver.app/GoogleMapsResources.bundle/GoogleMaps.bundle/GMSCoreResources.bundle/sk.lproj/GMSCore.strings
2026-08-29 06:27:33 +0000  copying file ./Payload/WheelersDriver.app/GoogleMapsResources.bundle/GoogleMaps.bundle/GMSCoreResources.bundle/GMSNavSprites-0-3x.png ... 
2026-08-29 06:27:33 +0000  20924 bytes for ./Payload/WheelersDriver.app/GoogleMapsResources.bundle/GoogleMaps.bundle/GMSCoreResources.bundle/GMSNavSprites-0-3x.png
2026-08-29 06:27:33 +0000  copying file ./Payload/WheelersDriver.app/GoogleMapsResources.bundle/GoogleMaps.bundle/GMSCoreResources.bundle/pt_PT.lproj/GMSCore.strings ... 
2026-08-29 06:27:33 +0000  4389 bytes for ./Payload/WheelersDriver.app/GoogleMapsResources.bundle/GoogleMaps.bundle/GMSCoreResources.bundle/pt_PT.lproj/GMSCore.strings
2026-08-29 06:27:33 +0000  copying file ./Payload/WheelersDriver.app/GoogleMapsResources.bundle/GoogleMaps.bundle/GMSCoreResources.bundle/button_compass_night.png ... 
2026-08-29 06:27:33 +0000  720 bytes for ./Payload/WheelersDriver.app/GoogleMapsResources.bundle/GoogleMaps.bundle/GMSCoreResources.bundle/button_compass_night.png
2026-08-29 06:27:33 +0000  copying file ./Payload/WheelersDriver.app/GoogleMapsResources.bundle/GoogleMaps.bundle/GMSCoreResources.bundle/button_my_location.png ... 
2026-08-29 06:27:33 +0000  492 bytes for ./Payload/WheelersDriver.app/GoogleMapsResources.bundle/GoogleMaps.bundle/GMSCoreResources.bundle/button_my_location.png
2026-08-29 06:27:33 +0000  copying file ./Payload/WheelersDriver.app/GoogleMapsResources.bundle/GoogleMaps.bundle/GMSCoreResources.bundle/road_16-4.png ... 
2026-08-29 06:27:33 +0000  127 bytes for ./Payload/WheelersDriver.app/GoogleMapsResources.bundle/GoogleMaps.bundle/GMSCoreResources.bundle/road_16-4.png
2026-08-29 06:27:33 +0000  copying file ./Payload/WheelersDriver.app/GoogleMapsResources.bundle/GoogleMaps.bundle/GMSCoreResources.bundle/sr.lproj/GMSCore.strings ... 
2026-08-29 06:27:33 +0000  4754 bytes for ./Payload/WheelersDriver.app/GoogleMapsResources.bundle/GoogleMaps.bundle/GMSCoreResources.bundle/sr.lproj/GMSCore.strings
2026-08-29 06:27:33 +0000  copying file ./Payload/WheelersDriver.app/GoogleMapsResources.bundle/GoogleMaps.bundle/GMSCoreResources.bundle/ms.lproj/GMSCore.strings ... 
2026-08-29 06:27:33 +0000  4033 bytes for ./Payload/WheelersDriver.app/GoogleMapsResources.bundle/GoogleMaps.bundle/GMSCoreResources.bundle/ms.lproj/GMSCore.strings
2026-08-29 06:27:33 +0000  copying file ./Payload/WheelersDriver.app/GoogleMapsResources.bundle/GoogleMaps.bundle/GMSCoreResources.bundle/road_256-64.png ... 
2026-08-29 06:27:33 +0000  1934 bytes for ./Payload/WheelersDriver.app/GoogleMapsResources.bundle/GoogleMaps.bundle/GMSCoreResources.bundle/road_256-64.png
2026-08-29 06:27:33 +0000  copying file ./Payload/WheelersDriver.app/GoogleMapsResources.bundle/GoogleMaps.bundle/GMSCoreResources.bundle/button_compass.png ... 
2026-08-29 06:27:33 +0000  631 bytes for ./Payload/WheelersDriver.app/GoogleMapsResources.bundle/GoogleMaps.bundle/GMSCoreResources.bundle/button_compass.png
2026-08-29 06:27:33 +0000  copying file ./Payload/WheelersDriver.app/GoogleMapsResources.bundle/GoogleMaps.bundle/GMSCoreResources.bundle/sv.lproj/GMSCore.strings ... 
2026-08-29 06:27:33 +0000  4451 bytes for ./Payload/WheelersDriver.app/GoogleMapsResources.bundle/GoogleMaps.bundle/GMSCoreResources.bundle/sv.lproj/GMSCore.strings
2026-08-29 06:27:33 +0000  copying file ./Payload/WheelersDriver.app/GoogleMapsResources.bundle/GoogleMaps.bundle/GMSCoreResources.bundle/road_8-2.png ... 
2026-08-29 06:27:33 +0000  93 bytes for ./Payload/WheelersDriver.app/GoogleMapsResources.bundle/GoogleMaps.bundle/GMSCoreResources.bundle/road_8-2.png
2026-08-29 06:27:33 +0000  copying file ./Payload/WheelersDriver.app/GoogleMapsResources.bundle/GoogleMaps.bundle/GMSCoreResources.bundle/ic_closed_place_waypoint_alert_32pt.png ... 
2026-08-29 06:27:33 +0000  494 bytes for ./Payload/WheelersDriver.app/GoogleMapsResources.bundle/GoogleMaps.bundle/GMSCoreResources.bundle/ic_closed_place_waypoint_alert_32pt.png
2026-08-29 06:27:33 +0000  copying file ./Payload/WheelersDriver.app/GoogleMapsResources.bundle/GoogleMaps.bundle/GMSCoreResources.bundle/cs.lproj/GMSCore.strings ... 
2026-08-29 06:27:33 +0000  4667 bytes for ./Payload/WheelersDriver.app/GoogleMapsResources.bundle/GoogleMaps.bundle/GMSCoreResources.bundle/cs.lproj/GMSCore.strings
2026-08-29 06:27:33 +0000  copying file ./Payload/WheelersDriver.app/GoogleMapsResources.bundle/GoogleMaps.bundle/GMSCoreResources.bundle/button_background.png ... 
2026-08-29 06:27:33 +0000  334 bytes for ./Payload/WheelersDriver.app/GoogleMapsResources.bundle/GoogleMaps.bundle/GMSCoreResources.bundle/button_background.png
2026-08-29 06:27:33 +0000  copying file ./Payload/WheelersDriver.app/GoogleMapsResources.bundle/GoogleMaps.bundle/GMSCoreResources.bundle/GMSNavNightModeSprites-0-1x.png ... 
2026-08-29 06:27:33 +0000  3393 bytes for ./Payload/WheelersDriver.app/GoogleMapsResources.bundle/GoogleMaps.bundle/GMSCoreResources.bundle/GMSNavNightModeSprites-0-1x.png
2026-08-29 06:27:33 +0000  copying file ./Payload/WheelersDriver.app/GoogleMapsResources.bundle/GoogleMaps.bundle/GMSCoreResources.bundle/button_my_location@2x.png ... 
2026-08-29 06:27:33 +0000  1229 bytes for ./Payload/WheelersDriver.app/GoogleMapsResources.bundle/GoogleMaps.bundle/GMSCoreResources.bundle/button_my_location@2x.png
2026-08-29 06:27:33 +0000  copying file ./Payload/WheelersDriver.app/GoogleMapsResources.bundle/GoogleMaps.bundle/GMSCoreResources.bundle/en_IN.lproj/GMSCore.strings ... 
2026-08-29 06:27:33 +0000  4078 bytes for ./Payload/WheelersDriver.app/GoogleMapsResources.bundle/GoogleMaps.bundle/GMSCoreResources.bundle/en_IN.lproj/GMSCore.strings
2026-08-29 06:27:33 +0000  copying file ./Payload/WheelersDriver.app/GoogleMapsResources.bundle/GoogleMaps.bundle/GMSCoreResources.bundle/ko.lproj/GMSCore.strings ... 
2026-08-29 06:27:33 +0000  3904 bytes for ./Payload/WheelersDriver.app/GoogleMapsResources.bundle/GoogleMaps.bundle/GMSCoreResources.bundle/ko.lproj/GMSCore.strings
2026-08-29 06:27:33 +0000  copying file ./Payload/WheelersDriver.app/GoogleMapsResources.bundle/GoogleMaps.bundle/GMSCoreResources.bundle/GMSNavSprites-0-2x.png ... 
2026-08-29 06:27:33 +0000  13321 bytes for ./Payload/WheelersDriver.app/GoogleMapsResources.bundle/GoogleMaps.bundle/GMSCoreResources.bundle/GMSNavSprites-0-2x.png
2026-08-29 06:27:33 +0000  copying file ./Payload/WheelersDriver.app/GoogleMapsResources.bundle/GoogleMaps.bundle/GMSCoreResources.bundle/hy.lproj/GMSCore.strings ... 
2026-08-29 06:27:33 +0000  4312 bytes for ./Payload/WheelersDriver.app/GoogleMapsResources.bundle/GoogleMaps.bundle/GMSCoreResources.bundle/hy.lproj/GMSCore.strings
2026-08-29 06:27:33 +0000  copying file ./Payload/WheelersDriver.app/GoogleMapsResources.bundle/GoogleMaps.bundle/GMSCoreResources.bundle/ic_location_off@2x.png ... 
2026-08-29 06:27:33 +0000  860 bytes for ./Payload/WheelersDriver.app/GoogleMapsResources.bundle/GoogleMaps.bundle/GMSCoreResources.bundle/ic_location_off@2x.png
2026-08-29 06:27:33 +0000  copying file ./Payload/WheelersDriver.app/GoogleMapsResources.bundle/GoogleMaps.bundle/GMSCoreResources.bundle/my.lproj/GMSCore.strings ... 
2026-08-29 06:27:33 +0000  4524 bytes for ./Payload/WheelersDriver.app/GoogleMapsResources.bundle/GoogleMaps.bundle/GMSCoreResources.bundle/my.lproj/GMSCore.strings
2026-08-29 06:27:33 +0000  copying file ./Payload/WheelersDriver.app/GoogleMapsResources.bundle/GoogleMaps.bundle/GMSCoreResources.bundle/ic_covid_checkpoint_waypoint_alert_32pt@2x.png ... 
2026-08-29 06:27:33 +0000  1373 bytes for ./Payload/WheelersDriver.app/GoogleMapsResources.bundle/GoogleMaps.bundle/GMSCoreResources.bundle/ic_covid_checkpoint_waypoint_alert_32pt@2x.png
2026-08-29 06:27:33 +0000  copying file ./Payload/WheelersDriver.app/GoogleMapsResources.bundle/GoogleMaps.bundle/GMSCoreResources.bundle/GMSNavSprites-0-1x.png ... 
2026-08-29 06:27:33 +0000  5684 bytes for ./Payload/WheelersDriver.app/GoogleMapsResources.bundle/GoogleMaps.bundle/GMSCoreResources.bundle/GMSNavSprites-0-1x.png
2026-08-29 06:27:33 +0000  copying file ./Payload/WheelersDriver.app/GoogleMapsResources.bundle/GoogleMaps.bundle/GMSCoreResources.bundle/Tharlon-Regular.ttf ... 
2026-08-29 06:27:33 +0000  353228 bytes for ./Payload/WheelersDriver.app/GoogleMapsResources.bundle/GoogleMaps.bundle/GMSCoreResources.bundle/Tharlon-Regular.ttf
2026-08-29 06:27:33 +0000  copying file ./Payload/WheelersDriver.app/GoogleMapsResources.bundle/GoogleMaps.bundle/GMSCoreResources.bundle/hu.lproj/GMSCore.strings ... 
2026-08-29 06:27:33 +0000  4195 bytes for ./Payload/WheelersDriver.app/GoogleMapsResources.bundle/GoogleMaps.bundle/GMSCoreResources.bundle/hu.lproj/GMSCore.strings
2026-08-29 06:27:33 +0000  copying file ./Payload/WheelersDriver.app/GoogleMapsResources.bundle/GoogleMaps.bundle/GMSCoreResources.bundle/zh_HK.lproj/GMSCore.strings ... 
2026-08-29 06:27:33 +0000  3832 bytes for ./Payload/WheelersDriver.app/GoogleMapsResources.bundle/GoogleMaps.bundle/GMSCoreResources.bundle/zh_HK.lproj/GMSCore.strings
2026-08-29 06:27:33 +0000  copying file ./Payload/WheelersDriver.app/GoogleMapsResources.bundle/GoogleMaps.bundle/GMSCoreResources.bundle/road_4-1.png ... 
2026-08-29 06:27:33 +0000  74 bytes for ./Payload/WheelersDriver.app/GoogleMapsResources.bundle/GoogleMaps.bundle/GMSCoreResources.bundle/road_4-1.png
2026-08-29 06:27:33 +0000  copying file ./Payload/WheelersDriver.app/GoogleMapsResources.bundle/GoogleMaps.bundle/GMSCoreResources.bundle/ka.lproj/GMSCore.strings ... 
2026-08-29 06:27:33 +0000  4322 bytes for ./Payload/WheelersDriver.app/GoogleMapsResources.bundle/GoogleMaps.bundle/GMSCoreResources.bundle/ka.lproj/GMSCore.strings
2026-08-29 06:27:33 +0000  copying file ./Payload/WheelersDriver.app/GoogleMapsResources.bundle/GoogleMaps.bundle/GMSCoreResources.bundle/button_background@2x.png ... 
2026-08-29 06:27:33 +0000  433 bytes for ./Payload/WheelersDriver.app/GoogleMapsResources.bundle/GoogleMaps.bundle/GMSCoreResources.bundle/button_background@2x.png
2026-08-29 06:27:33 +0000  copying file ./Payload/WheelersDriver.app/GoogleMapsResources.bundle/GoogleMaps.bundle/GMSCoreResources.bundle/ic_compass_needle_32pt.png ... 
2026-08-29 06:27:33 +0000  742 bytes for ./Payload/WheelersDriver.app/GoogleMapsResources.bundle/GoogleMaps.bundle/GMSCoreResources.bundle/ic_compass_needle_32pt.png
2026-08-29 06:27:33 +0000  copying file ./Payload/WheelersDriver.app/GoogleMapsResources.bundle/GoogleMaps.bundle/GMSCoreResources.bundle/ic_compass_needle@2x.png ... 
2026-08-29 06:27:33 +0000  992 bytes for ./Payload/WheelersDriver.app/GoogleMapsResources.bundle/GoogleMaps.bundle/GMSCoreResources.bundle/ic_compass_needle@2x.png
2026-08-29 06:27:33 +0000  copying file ./Payload/WheelersDriver.app/GoogleMapsResources.bundle/GoogleMaps.bundle/GMSCoreResources.bundle/Assets.car ... 
2026-08-29 06:27:33 +0000  48575 bytes for ./Payload/WheelersDriver.app/GoogleMapsResources.bundle/GoogleMaps.bundle/GMSCoreResources.bundle/Assets.car
2026-08-29 06:27:33 +0000  copying file ./Payload/WheelersDriver.app/GoogleMapsResources.bundle/GoogleMaps.bundle/GMSCoreResources.bundle/tr.lproj/GMSCore.strings ... 
2026-08-29 06:27:33 +0000  4175 bytes for ./Payload/WheelersDriver.app/GoogleMapsResources.bundle/GoogleMaps.bundle/GMSCoreResources.bundle/tr.lproj/GMSCore.strings
2026-08-29 06:27:33 +0000  copying file ./Payload/WheelersDriver.app/GoogleMapsResources.bundle/GoogleMaps.bundle/GMSCoreResources.bundle/pl.lproj/GMSCore.strings ... 
2026-08-29 06:27:33 +0000  4491 bytes for ./Payload/WheelersDriver.app/GoogleMapsResources.bundle/GoogleMaps.bundle/GMSCoreResources.bundle/pl.lproj/GMSCore.strings
2026-08-29 06:27:33 +0000  copying file ./Payload/WheelersDriver.app/GoogleMapsResources.bundle/GoogleMaps.bundle/GMSCoreResources.bundle/zh_TW.lproj/GMSCore.strings ... 
2026-08-29 06:27:33 +0000  3857 bytes for ./Payload/WheelersDriver.app/GoogleMapsResources.bundle/GoogleMaps.bundle/GMSCoreResources.bundle/zh_TW.lproj/GMSCore.strings
2026-08-29 06:27:33 +0000  copying file ./Payload/WheelersDriver.app/GoogleMapsResources.bundle/GoogleMaps.bundle/GMSCoreResources.bundle/ic_closed_place_waypoint_alert_32pt@3x.png ... 
2026-08-29 06:27:33 +0000  1643 bytes for ./Payload/WheelersDriver.app/GoogleMapsResources.bundle/GoogleMaps.bundle/GMSCoreResources.bundle/ic_closed_place_waypoint_alert_32pt@3x.png
2026-08-29 06:27:33 +0000  copying file ./Payload/WheelersDriver.app/GoogleMapsResources.bundle/GoogleMaps.bundle/GMSCoreResources.bundle/GMSNavNightModeSprites-0-2x.png ... 
2026-08-29 06:27:33 +0000  7660 bytes for ./Payload/WheelersDriver.app/GoogleMapsResources.bundle/GoogleMaps.bundle/GMSCoreResources.bundle/GMSNavNightModeSprites-0-2x.png
2026-08-29 06:27:33 +0000  copying file ./Payload/WheelersDriver.app/GoogleMapsResources.bundle/GoogleMaps.bundle/GMSCoreResources.bundle/GMSNavNightModeSprites-0-3x.png ... 
2026-08-29 06:27:33 +0000  12519 bytes for ./Payload/WheelersDriver.app/GoogleMapsResources.bundle/GoogleMaps.bundle/GMSCoreResources.bundle/GMSNavNightModeSprites-0-3x.png
2026-08-29 06:27:33 +0000  copying file ./Payload/WheelersDriver.app/GoogleMapsResources.bundle/GoogleMaps.bundle/GMSCoreResources.bundle/ic_closed_place_waypoint_alert_32pt@2x.png ... 
2026-08-29 06:27:33 +0000  1210 bytes for ./Payload/WheelersDriver.app/GoogleMapsResources.bundle/GoogleMaps.bundle/GMSCoreResources.bundle/ic_closed_place_waypoint_alert_32pt@2x.png
2026-08-29 06:27:33 +0000  copying file ./Payload/WheelersDriver.app/GoogleMapsResources.bundle/GoogleMaps.bundle/GMSCoreResources.bundle/en_GB.lproj/GMSCore.strings ... 
2026-08-29 06:27:33 +0000  4078 bytes for ./Payload/WheelersDriver.app/GoogleMapsResources.bundle/GoogleMaps.bundle/GMSCoreResources.bundle/en_GB.lproj/GMSCore.strings
2026-08-29 06:27:33 +0000  copying file ./Payload/WheelersDriver.app/GoogleMapsResources.bundle/GoogleMaps.bundle/GMSCoreResources.bundle/dav_one_way_16_256.png ... 
2026-08-29 06:27:33 +0000  315 bytes for ./Payload/WheelersDriver.app/GoogleMapsResources.bundle/GoogleMaps.bundle/GMSCoreResources.bundle/dav_one_way_16_256.png
2026-08-29 06:27:33 +0000  copying file ./Payload/WheelersDriver.app/GoogleMapsResources.bundle/GoogleMaps.bundle/GMSCoreResources.bundle/road_2-1.png ... 
2026-08-29 06:27:33 +0000  84 bytes for ./Payload/WheelersDriver.app/GoogleMapsResources.bundle/GoogleMaps.bundle/GMSCoreResources.bundle/road_2-1.png
2026-08-29 06:27:33 +0000  copying file ./Payload/WheelersDriver.app/GoogleMapsResources.bundle/GoogleMaps.bundle/GMSCoreResources.bundle/vi.lproj/GMSCore.strings ... 
2026-08-29 06:27:33 +0000  4232 bytes for ./Payload/WheelersDriver.app/GoogleMapsResources.bundle/GoogleMaps.bundle/GMSCoreResources.bundle/vi.lproj/GMSCore.strings
2026-08-29 06:27:33 +0000  copying file ./Payload/WheelersDriver.app/GoogleMapsResources.bundle/GoogleMaps.bundle/GMSCoreResources.bundle/button_background@3x.png ... 
2026-08-29 06:27:33 +0000  515 bytes for ./Payload/WheelersDriver.app/GoogleMapsResources.bundle/GoogleMaps.bundle/GMSCoreResources.bundle/button_background@3x.png
2026-08-29 06:27:33 +0000  copying file ./Payload/WheelersDriver.app/GoogleMapsResources.bundle/GoogleMaps.bundle/GMSCoreResources.bundle/road_32-8.png ... 
223 bytes for ./Payload/WheelersDriver.app/GoogleMapsResources.bundle/GoogleMaps.bundle/GMSCoreResources.bundle/road_32-8.png
2026-08-29 06:27:33 +0000  copying file ./Payload/WheelersDriver.app/GoogleMapsResources.bundle/GoogleMaps.bundle/GMSCoreResources.bundle/lv.lproj/GMSCore.strings ... 
2026-08-29 06:27:33 +0000  4617 bytes for ./Payload/WheelersDriver.app/GoogleMapsResources.bundle/GoogleMaps.bundle/GMSCoreResources.bundle/lv.lproj/GMSCore.strings
2026-08-29 06:27:33 +0000  copying file ./Payload/WheelersDriver.app/GoogleMapsResources.bundle/GoogleMaps.bundle/GMSCoreResources.bundle/lt.lproj/GMSCore.strings ... 
2026-08-29 06:27:33 +0000  4321 bytes for ./Payload/WheelersDriver.app/GoogleMapsResources.bundle/GoogleMaps.bundle/GMSCoreResources.bundle/lt.lproj/GMSCore.strings
2026-08-29 06:27:33 +0000  copying file ./Payload/WheelersDriver.app/GoogleMapsResources.bundle/GoogleMaps.bundle/GMSCoreResources.bundle/ru.lproj/GMSCore.strings ... 
2026-08-29 06:27:33 +0000  4771 bytes for ./Payload/WheelersDriver.app/GoogleMapsResources.bundle/GoogleMaps.bundle/GMSCoreResources.bundle/ru.lproj/GMSCore.strings
2026-08-29 06:27:33 +0000  copying file ./Payload/WheelersDriver.app/GoogleMapsResources.bundle/GoogleMaps.bundle/GMSCoreResources.bundle/GMSShaders.metallib ... 
2026-08-29 06:27:33 +0000  305549 bytes for ./Payload/WheelersDriver.app/GoogleMapsResources.bundle/GoogleMaps.bundle/GMSCoreResources.bundle/GMSShaders.metallib
2026-08-29 06:27:33 +0000  copying file ./Payload/WheelersDriver.app/GoogleMapsResources.bundle/GoogleMaps.bundle/GMSCoreResources.bundle/polyline_colors_texture_dim.png ... 
2026-08-29 06:27:33 +0000  7485 bytes for ./Payload/WheelersDriver.app/GoogleMapsResources.bundle/GoogleMaps.bundle/GMSCoreResources.bundle/polyline_colors_texture_dim.png
2026-08-29 06:27:33 +0000  copying file ./Payload/WheelersDriver.app/GoogleMapsResources.bundle/GoogleMaps.bundle/GMSCoreResources.bundle/ic_covid_checkpoint_waypoint_alert_32pt@3x.png ... 
2026-08-29 06:27:33 +0000  1826 bytes for ./Payload/WheelersDriver.app/GoogleMapsResources.bundle/GoogleMaps.bundle/GMSCoreResources.bundle/ic_covid_checkpoint_waypoint_alert_32pt@3x.png
2026-08-29 06:27:33 +0000  copying file ./Payload/WheelersDriver.app/GoogleMapsResources.bundle/GoogleMaps.bundle/GMSCoreResources.bundle/ic_closed_place_waypoint_alert_night_32pt.png ... 
2026-08-29 06:27:33 +0000  435 bytes for ./Payload/WheelersDriver.app/GoogleMapsResources.bundle/GoogleMaps.bundle/GMSCoreResources.bundle/ic_closed_place_waypoint_alert_night_32pt.png
2026-08-29 06:27:33 +0000  copying file ./Payload/WheelersDriver.app/GoogleMapsResources.bundle/GoogleMaps.bundle/GMSCoreResources.bundle/fr_CA.lproj/GMSCore.strings ... 
2026-08-29 06:27:33 +0000  4335 bytes for ./Payload/WheelersDriver.app/GoogleMapsResources.bundle/GoogleMaps.bundle/GMSCoreResources.bundle/fr_CA.lproj/GMSCore.strings
2026-08-29 06:27:33 +0000  copying file ./Payload/WheelersDriver.app/GoogleMapsResources.bundle/GoogleMaps.bundle/GMSCoreResources.bundle/ic_covid_checkpoint_waypoint_alert_night_32pt@3x.png ... 
2026-08-29 06:27:33 +0000  1841 bytes for ./Payload/WheelersDriver.app/GoogleMapsResources.bundle/GoogleMaps.bundle/GMSCoreResources.bundle/ic_covid_checkpoint_waypoint_alert_night_32pt@3x.png
2026-08-29 06:27:33 +0000  copying file ./Payload/WheelersDriver.app/GoogleMapsResources.bundle/GoogleMaps.bundle/GMSCoreResources.bundle/ic_compass_needle_32pt@2x.png ... 
2026-08-29 06:27:33 +0000  1360 bytes for ./Payload/WheelersDriver.app/GoogleMapsResources.bundle/GoogleMaps.bundle/GMSCoreResources.bundle/ic_compass_needle_32pt@2x.png
2026-08-29 06:27:33 +0000  copying file ./Payload/WheelersDriver.app/GoogleMapsResources.bundle/GoogleMaps.bundle/GMSCoreResources.bundle/road_128-32.png ... 
2026-08-29 06:27:33 +0000  1029 bytes for ./Payload/WheelersDriver.app/GoogleMapsResources.bundle/GoogleMaps.bundle/GMSCoreResources.bundle/road_128-32.png
2026-08-29 06:27:33 +0000  copying file ./Payload/WheelersDriver.app/GoogleMapsResources.bundle/GoogleMaps.bundle/GMSCoreResources.bundle/uz.lproj/GMSCore.strings ... 
2026-08-29 06:27:33 +0000  4071 bytes for ./Payload/WheelersDriver.app/GoogleMapsResources.bundle/GoogleMaps.bundle/GMSCoreResources.bundle/uz.lproj/GMSCore.strings
2026-08-29 06:27:33 +0000  copying file ./Payload/WheelersDriver.app/GoogleMapsResources.bundle/GoogleMaps.bundle/GMSCoreResources.bundle/ic_covid_medical_waypoint_alert_32pt.png ... 
2026-08-29 06:27:33 +0000  441 bytes for ./Payload/WheelersDriver.app/GoogleMapsResources.bundle/GoogleMaps.bundle/GMSCoreResources.bundle/ic_covid_medical_waypoint_alert_32pt.png
2026-08-29 06:27:33 +0000  copying file ./Payload/WheelersDriver.app/GoogleMapsResources.bundle/GoogleMaps.bundle/GMSCoreResources.bundle/fr.lproj/GMSCore.strings ... 
2026-08-29 06:27:33 +0000  4633 bytes for ./Payload/WheelersDriver.app/GoogleMapsResources.bundle/GoogleMaps.bundle/GMSCoreResources.bundle/fr.lproj/GMSCore.strings
2026-08-29 06:27:33 +0000  copying file ./Payload/WheelersDriver.app/GoogleMapsResources.bundle/GoogleMaps.bundle/GMSCoreResources.bundle/fi.lproj/GMSCore.strings ... 
2026-08-29 06:27:33 +0000  4286 bytes for ./Payload/WheelersDriver.app/GoogleMapsResources.bundle/GoogleMaps.bundle/GMSCoreResources.bundle/fi.lproj/GMSCore.strings
2026-08-29 06:27:33 +0000  copying file ./Payload/WheelersDriver.app/GoogleMapsResources.bundle/GoogleMaps.bundle/GMSCoreResources.bundle/id.lproj/GMSCore.strings ... 
2026-08-29 06:27:33 +0000  3954 bytes for ./Payload/WheelersDriver.app/GoogleMapsResources.bundle/GoogleMaps.bundle/GMSCoreResources.bundle/id.lproj/GMSCore.strings
2026-08-29 06:27:33 +0000  copying file ./Payload/WheelersDriver.app/GoogleMapsResources.bundle/GoogleMaps.bundle/GMSCoreResources.bundle/nl.lproj/GMSCore.strings ... 
2026-08-29 06:27:33 +0000  4144 bytes for ./Payload/WheelersDriver.app/GoogleMapsResources.bundle/GoogleMaps.bundle/GMSCoreResources.bundle/nl.lproj/GMSCore.strings
2026-08-29 06:27:33 +0000  copying file ./Payload/WheelersDriver.app/GoogleMapsResources.bundle/GoogleMaps.bundle/GMSCoreResources.bundle/th.lproj/GMSCore.strings ... 
2026-08-29 06:27:33 +0000  4157 bytes for ./Payload/WheelersDriver.app/GoogleMapsResources.bundle/GoogleMaps.bundle/GMSCoreResources.bundle/th.lproj/GMSCore.strings
2026-08-29 06:27:33 +0000  copying file ./Payload/WheelersDriver.app/GoogleMapsResources.bundle/GoogleMaps.bundle/GMSCoreResources.bundle/ic_covid_medical_waypoint_alert_night_32pt@3x.png ... 
2026-08-29 06:27:33 +0000  1066 bytes for ./Payload/WheelersDriver.app/GoogleMapsResources.bundle/GoogleMaps.bundle/GMSCoreResources.bundle/ic_covid_medical_waypoint_alert_night_32pt@3x.png
2026-08-29 06:27:33 +0000  copying file ./Payload/WheelersDriver.app/GoogleMapsResources.bundle/GoogleMaps.bundle/GMSCoreResources.bundle/az.lproj/GMSCore.strings ... 
2026-08-29 06:27:33 +0000  4228 bytes for ./Payload/WheelersDriver.app/GoogleMapsResources.bundle/GoogleMaps.bundle/GMSCoreResources.bundle/az.lproj/GMSCore.strings
2026-08-29 06:27:33 +0000  copying file ./Payload/WheelersDriver.app/GoogleMapsResources.bundle/GoogleMaps.bundle/GMSCoreResources.bundle/road_64-16.png ... 
2026-08-29 06:27:33 +0000  425 bytes for ./Payload/WheelersDriver.app/GoogleMapsResources.bundle/GoogleMaps.bundle/GMSCoreResources.bundle/road_64-16.png
2026-08-29 06:27:33 +0000  copying file ./Payload/WheelersDriver.app/GoogleMapsResources.bundle/GoogleMaps.bundle/GMSCoreResources.bundle/GMSSprites-0-3x.png ... 
2026-08-29 06:27:33 +0000  61437 bytes for ./Payload/WheelersDriver.app/GoogleMapsResources.bundle/GoogleMaps.bundle/GMSCoreResources.bundle/GMSSprites-0-3x.png
2026-08-29 06:27:33 +0000  copying file ./Payload/WheelersDriver.app/GoogleMapsResources.bundle/GoogleMaps.bundle/GMSCoreResources.bundle/polyline_colors_texture.png ... 
2026-08-29 06:27:33 +0000  7433 bytes for ./Payload/WheelersDriver.app/GoogleMapsResources.bundle/GoogleMaps.bundle/GMSCoreResources.bundle/polyline_colors_texture.png
2026-08-29 06:27:33 +0000  copying file ./Payload/WheelersDriver.app/GoogleMapsResources.bundle/GoogleMaps.bundle/GMSCoreResources.bundle/ic_compass_needle.png ... 
2026-08-29 06:27:33 +0000  483 bytes for ./Payload/WheelersDriver.app/GoogleMapsResources.bundle/GoogleMaps.bundle/GMSCoreResources.bundle/ic_compass_needle.png
2026-08-29 06:27:33 +0000  copying file ./Payload/WheelersDriver.app/GoogleMapsResources.bundle/GoogleMaps.bundle/GMSCoreResources.bundle/pt.lproj/GMSCore.strings ... 
2026-08-29 06:27:33 +0000  4388 bytes for ./Payload/WheelersDriver.app/GoogleMapsResources.bundle/GoogleMaps.bundle/GMSCoreResources.bundle/pt.lproj/GMSCore.strings
2026-08-29 06:27:33 +0000  copying file ./Payload/WheelersDriver.app/GoogleMapsResources.bundle/GoogleMaps.bundle/GMSCoreResources.bundle/GMSShadersSim.metallib ... 
2026-08-29 06:27:33 +0000  307182 bytes for ./Payload/WheelersDriver.app/GoogleMapsResources.bundle/GoogleMaps.bundle/GMSCoreResources.bundle/GMSShadersSim.metallib
2026-08-29 06:27:33 +0000  copying file ./Payload/WheelersDriver.app/GoogleMapsResources.bundle/GoogleMaps.bundle/GMSCoreResources.bundle/ic_covid_border_waypoint_alert_32pt@2x.png ... 
2026-08-29 06:27:33 +0000  1012 bytes for ./Payload/WheelersDriver.app/GoogleMapsResources.bundle/GoogleMaps.bundle/GMSCoreResources.bundle/ic_covid_border_waypoint_alert_32pt@2x.png
2026-08-29 06:27:33 +0000  copying file ./Payload/WheelersDriver.app/GoogleMapsResources.bundle/GoogleMaps.bundle/GMSCoreResources.bundle/ic_closed_place_waypoint_alert_night_32pt@2x.png ... 
2026-08-29 06:27:33 +0000  1069 bytes for ./Payload/WheelersDriver.app/GoogleMapsResources.bundle/GoogleMaps.bundle/GMSCoreResources.bundle/ic_closed_place_waypoint_alert_night_32pt@2x.png
2026-08-29 06:27:33 +0000  copying file ./Payload/WheelersDriver.app/GoogleMapsResources.bundle/GoogleMaps.bundle/GMSCoreResources.bundle/road_1-1.png ... 
2026-08-29 06:27:33 +0000  95 bytes for ./Payload/WheelersDriver.app/GoogleMapsResources.bundle/GoogleMaps.bundle/GMSCoreResources.bundle/road_1-1.png
2026-08-29 06:27:33 +0000  copying file ./Payload/WheelersDriver.app/GoogleMapsResources.bundle/GoogleMaps.bundle/GMSCoreResources.bundle/ic_location_off.png ... 
2026-08-29 06:27:33 +0000  498 bytes for ./Payload/WheelersDriver.app/GoogleMapsResources.bundle/GoogleMaps.bundle/GMSCoreResources.bundle/ic_location_off.png
2026-08-29 06:27:33 +0000  copying file ./Payload/WheelersDriver.app/GoogleMapsResources.bundle/GoogleMaps.bundle/GMSCoreResources.bundle/ic_covid_border_waypoint_alert_32pt@3x.png ... 
2026-08-29 06:27:33 +0000  1353 bytes for ./Payload/WheelersDriver.app/GoogleMapsResources.bundle/GoogleMaps.bundle/GMSCoreResources.bundle/ic_covid_border_waypoint_alert_32pt@3x.png
2026-08-29 06:27:33 +0000  copying file ./Payload/WheelersDriver.app/GoogleMapsResources.bundle/GoogleMaps.bundle/GMSCoreResources.bundle/ic_closed_place_waypoint_alert_night_32pt@3x.png ... 
2026-08-29 06:27:33 +0000  1472 bytes for ./Payload/WheelersDriver.app/GoogleMapsResources.bundle/GoogleMaps.bundle/GMSCoreResources.bundle/ic_closed_place_waypoint_alert_night_32pt@3x.png
2026-08-29 06:27:33 +0000  copying file ./Payload/WheelersDriver.app/GoogleMapsResources.bundle/GoogleMaps.bundle/GMSCoreResources.bundle/ro.lproj/GMSCore.strings ... 
2026-08-29 06:27:33 +0000  4491 bytes for ./Payload/WheelersDriver.app/GoogleMapsResources.bundle/GoogleMaps.bundle/GMSCoreResources.bundle/ro.lproj/GMSCore.strings
2026-08-29 06:27:33 +0000  copying file ./Payload/WheelersDriver.app/GoogleMapsResources.bundle/GoogleMaps.bundle/GMSCoreResources.bundle/Info.plist ... 
2026-08-29 06:27:33 +0000  359 bytes for ./Payload/WheelersDriver.app/GoogleMapsResources.bundle/GoogleMaps.bundle/GMSCoreResources.bundle/Info.plist
2026-08-29 06:27:33 +0000  copying file ./Payload/WheelersDriver.app/GoogleMapsResources.bundle/GoogleMaps.bundle/GMSCoreResources.bundle/GMSSprites-0-2x.png ... 
2026-08-29 06:27:33 +0000  40485 bytes for ./Payload/WheelersDriver.app/GoogleMapsResources.bundle/GoogleMaps.bundle/GMSCoreResources.bundle/GMSSprites-0-2x.png
2026-08-29 06:27:33 +0000  copying file ./Payload/WheelersDriver.app/GoogleMapsResources.bundle/GoogleMaps.bundle/GMSCoreResources.bundle/ic_covid_medical_waypoint_alert_night_32pt.png ... 
2026-08-29 06:27:33 +0000  382 bytes for ./Payload/WheelersDriver.app/GoogleMapsResources.bundle/GoogleMaps.bundle/GMSCoreResources.bundle/ic_covid_medical_waypoint_alert_night_32pt.png
2026-08-29 06:27:33 +0000  copying file ./Payload/WheelersDriver.app/GoogleMapsResources.bundle/GoogleMaps.bundle/GMSCoreResources.bundle/ic_covid_checkpoint_waypoint_alert_32pt.png ... 
2026-08-29 06:27:33 +0000  601 bytes for ./Payload/WheelersDriver.app/GoogleMapsResources.bundle/GoogleMaps.bundle/GMSCoreResources.bundle/ic_covid_checkpoint_waypoint_alert_32pt.png
2026-08-29 06:27:33 +0000  copying file ./Payload/WheelersDriver.app/GoogleMapsResources.bundle/GoogleMaps.bundle/GMSCoreResources.bundle/ic_covid_medical_waypoint_alert_night_32pt@2x.png ... 
2026-08-29 06:27:33 +0000  825 bytes for ./Payload/WheelersDriver.app/GoogleMapsResources.bundle/GoogleMaps.bundle/GMSCoreResources.bundle/ic_covid_medical_waypoint_alert_night_32pt@2x.png
2026-08-29 06:27:33 +0000  copying file ./Payload/WheelersDriver.app/GoogleMapsResources.bundle/GoogleMaps.bundle/GMSCoreResources.bundle/button_compass_night@2x.png ... 
2026-08-29 06:27:33 +0000  2221 bytes for ./Payload/WheelersDriver.app/GoogleMapsResources.bundle/GoogleMaps.bundle/GMSCoreResources.bundle/button_compass_night@2x.png
2026-08-29 06:27:33 +0000  copying file ./Payload/WheelersDriver.app/GoogleMapsResources.bundle/GoogleMaps.bundle/GMSCoreResources.bundle/button_compass@2x.png ... 
2026-08-29 06:27:33 +0000  2560 bytes for ./Payload/WheelersDriver.app/GoogleMapsResources.bundle/GoogleMaps.bundle/GMSCoreResources.bundle/button_compass@2x.png
2026-08-29 06:27:33 +0000  copying file ./Payload/WheelersDriver.app/GoogleMapsResources.bundle/GoogleMaps.bundle/GMSCoreResources.bundle/hr.lproj/GMSCore.strings ... 
2026-08-29 06:27:33 +0000  4264 bytes for ./Payload/WheelersDriver.app/GoogleMapsResources.bundle/GoogleMaps.bundle/GMSCoreResources.bundle/hr.lproj/GMSCore.strings
2026-08-29 06:27:33 +0000  copying file ./Payload/WheelersDriver.app/GoogleMapsResources.bundle/GoogleMaps.bundle/GMSCoreResources.bundle/hi.lproj/GMSCore.strings ... 
2026-08-29 06:27:33 +0000  4242 bytes for ./Payload/WheelersDriver.app/GoogleMapsResources.bundle/GoogleMaps.bundle/GMSCoreResources.bundle/hi.lproj/GMSCore.strings
2026-08-29 06:27:33 +0000  copying file ./Payload/WheelersDriver.app/GoogleMapsResources.bundle/GoogleMaps.bundle/GMSCoreResources.bundle/ca.lproj/GMSCore.strings ... 
2026-08-29 06:27:33 +0000  4274 bytes for ./Payload/WheelersDriver.app/GoogleMapsResources.bundle/GoogleMaps.bundle/GMSCoreResources.bundle/ca.lproj/GMSCore.strings
2026-08-29 06:27:33 +0000  copying file ./Payload/WheelersDriver.app/GoogleMapsResources.bundle/GoogleMaps.bundle/GMSCoreResources.bundle/ic_compass_needle_32pt@3x.png ... 
2026-08-29 06:27:33 +0000  1962 bytes for ./Payload/WheelersDriver.app/GoogleMapsResources.bundle/GoogleMaps.bundle/GMSCoreResources.bundle/ic_compass_needle_32pt@3x.png
2026-08-29 06:27:33 +0000  copying file ./Payload/WheelersDriver.app/GoogleMapsResources.bundle/GoogleMaps.bundle/GMSCoreResources.bundle/ic_covid_checkpoint_waypoint_alert_night_32pt@2x.png ... 
2026-08-29 06:27:33 +0000  1380 bytes for ./Payload/WheelersDriver.app/GoogleMapsResources.bundle/GoogleMaps.bundle/GMSCoreResources.bundle/ic_covid_checkpoint_waypoint_alert_night_32pt@2x.png
2026-08-29 06:27:33 +0000  copying file ./Payload/WheelersDriver.app/GoogleMapsResources.bundle/GoogleMaps.bundle/ic_error@3x.png ... 
2026-08-29 06:27:33 +0000  743 bytes for ./Payload/WheelersDriver.app/GoogleMapsResources.bundle/GoogleMaps.bundle/ic_error@3x.png
2026-08-29 06:27:33 +0000  copying file ./Payload/WheelersDriver.app/GoogleMapsResources.bundle/GoogleMaps.bundle/oss_licenses_maps.txt.gz ... 
2026-08-29 06:27:33 +0000  173531 bytes for ./Payload/WheelersDriver.app/GoogleMapsResources.bundle/GoogleMaps.bundle/oss_licenses_maps.txt.gz
2026-08-29 06:27:33 +0000  copying file ./Payload/WheelersDriver.app/GoogleMapsResources.bundle/GoogleMaps.bundle/Assets.car ... 
2026-08-29 06:27:33 +0000  43967 bytes for ./Payload/WheelersDriver.app/GoogleMapsResources.bundle/GoogleMaps.bundle/Assets.car
2026-08-29 06:27:33 +0000  copying file ./Payload/WheelersDriver.app/GoogleMapsResources.bundle/GoogleMaps.bundle/bubble_right.png ... 
2026-08-29 06:27:33 +0000  455 bytes for ./Payload/WheelersDriver.app/GoogleMapsResources.bundle/GoogleMaps.bundle/bubble_right.png
2026-08-29 06:27:33 +0000  copying file ./Payload/WheelersDriver.app/GoogleMapsResources.bundle/GoogleMaps.bundle/ic_error@2x.png ... 
2026-08-29 06:27:33 +0000  454 bytes for ./Payload/WheelersDriver.app/GoogleMapsResources.bundle/GoogleMaps.bundle/ic_error@2x.png
2026-08-29 06:27:33 +0000  copying file ./Payload/WheelersDriver.app/GoogleMapsResources.bundle/GoogleMaps.bundle/GMSCacheStorage.momd/Storage.mom ... 
2026-08-29 06:27:33 +0000  4696 bytes for ./Payload/WheelersDriver.app/GoogleMapsResources.bundle/GoogleMaps.bundle/GMSCacheStorage.momd/Storage.mom
2026-08-29 06:27:33 +0000  copying file ./Payload/WheelersDriver.app/GoogleMapsResources.bundle/GoogleMaps.bundle/GMSCacheStorage.momd/VersionInfo.plist ... 
2026-08-29 06:27:33 +0000  1197 bytes for ./Payload/WheelersDriver.app/GoogleMapsResources.bundle/GoogleMaps.bundle/GMSCacheStorage.momd/VersionInfo.plist
2026-08-29 06:27:33 +0000  copying file ./Payload/WheelersDriver.app/GoogleMapsResources.bundle/GoogleMaps.bundle/GMSCacheStorage.momd/StorageWithTileProto.mom ... 
2026-08-29 06:27:33 +0000  5292 bytes for ./Payload/WheelersDriver.app/GoogleMapsResources.bundle/GoogleMaps.bundle/GMSCacheStorage.momd/StorageWithTileProto.mom
2026-08-29 06:27:33 +0000  copying file ./Payload/WheelersDriver.app/GoogleMapsResources.bundle/GoogleMaps.bundle/GMSCacheStorage.momd/StorageWithTileVersionID.mom ... 
2026-08-29 06:27:33 +0000  4802 bytes for ./Payload/WheelersDriver.app/GoogleMapsResources.bundle/GoogleMaps.bundle/GMSCacheStorage.momd/StorageWithTileVersionID.mom
2026-08-29 06:27:33 +0000  copying file ./Payload/WheelersDriver.app/GoogleMapsResources.bundle/GoogleMaps.bundle/Info.plist ... 
2026-08-29 06:27:33 +0000  363 bytes for ./Payload/WheelersDriver.app/GoogleMapsResources.bundle/GoogleMaps.bundle/Info.plist
2026-08-29 06:27:33 +0000  copying file ./Payload/WheelersDriver.app/GoogleMapsResources.bundle/Info.plist ... 
2026-08-29 06:27:33 +0000  785 bytes for ./Payload/WheelersDriver.app/GoogleMapsResources.bundle/Info.plist
2026-08-29 06:27:33 +0000  copying file ./Payload/WheelersDriver.app/MMKV_Privacy.bundle/PrivacyInfo.xcprivacy ... 
2026-08-29 06:27:33 +0000  412 bytes for ./Payload/WheelersDriver.app/MMKV_Privacy.bundle/PrivacyInfo.xcprivacy
2026-08-29 06:27:33 +0000  copying file ./Payload/WheelersDriver.app/MMKV_Privacy.bundle/Info.plist ... 
2026-08-29 06:27:33 +0000  769 bytes for ./Payload/WheelersDriver.app/MMKV_Privacy.bundle/Info.plist
2026-08-29 06:27:33 +0000  copying file ./Payload/WheelersDriver.app/Info.plist ... 
2026-08-29 06:27:33 +0000  4983 bytes for ./Payload/WheelersDriver.app/Info.plist
2026-08-29 06:27:33 +0000  copying file ./Payload/WheelersDriver.app/Expo.plist ... 
2026-08-29 06:27:33 +0000  132 bytes for ./Payload/WheelersDriver.app/Expo.plist
2026-08-29 06:27:33 +0000  copying file ./Payload/WheelersDriver.app/RNCAsyncStorage_resources.bundle/PrivacyInfo.xcprivacy ... 
2026-08-29 06:27:33 +0000  512 bytes for ./Payload/WheelersDriver.app/RNCAsyncStorage_resources.bundle/PrivacyInfo.xcprivacy
2026-08-29 06:27:33 +0000  copying file ./Payload/WheelersDriver.app/RNCAsyncStorage_resources.bundle/Info.plist ... 
2026-08-29 06:27:33 +0000  797 bytes for ./Payload/WheelersDriver.app/RNCAsyncStorage_resources.bundle/Info.plist
2026-08-29 06:27:33 +0000  copying file ./Payload/WheelersDriver.app/PkgInfo ... 
2026-08-29 06:27:33 +0000  8 bytes for ./Payload/WheelersDriver.app/PkgInfo
2026-08-29 06:27:33 +0000  copying file ./Payload/WheelersDriver.app/React-Core_privacy.bundle/PrivacyInfo.xcprivacy ... 
2026-08-29 06:27:33 +0000  768 bytes for ./Payload/WheelersDriver.app/React-Core_privacy.bundle/PrivacyInfo.xcprivacy
2026-08-29 06:27:33 +0000  copying file ./Payload/WheelersDriver.app/React-Core_privacy.bundle/Info.plist ... 
2026-08-29 06:27:33 +0000  784 bytes for ./Payload/WheelersDriver.app/React-Core_privacy.bundle/Info.plist
2026-08-29 06:27:33 +0000  copying file ./Payload/WheelersDriver.app/Promises_Privacy.bundle/PrivacyInfo.xcprivacy ... 
2026-08-29 06:27:33 +0000  373 bytes for ./Payload/WheelersDriver.app/Promises_Privacy.bundle/PrivacyInfo.xcprivacy
2026-08-29 06:27:33 +0000  copying file ./Payload/WheelersDriver.app/Promises_Privacy.bundle/Info.plist ... 
2026-08-29 06:27:33 +0000  778 bytes for ./Payload/WheelersDriver.app/Promises_Privacy.bundle/Info.plist
2026-08-29 06:27:33 +0000  copying file ./Symbols/ACAC40FD-4C1B-30A4-BBF4-4FFC1276FDA7.symbols ... 
2026-08-29 06:27:34 +0000  41114004 bytes for ./Symbols/ACAC40FD-4C1B-30A4-BBF4-4FFC1276FDA7.symbols
2026-08-29 06:27:34 +0000  copying file ./Symbols/F78B3941-5F30-312D-8C8C-35414A8738AD.symbols ... 
2026-08-29 06:27:34 +0000  1062172 bytes for ./Symbols/F78B3941-5F30-312D-8C8C-35414A8738AD.symbols
2026-08-29 06:27:34 +0000 [MT] /usr/bin/ditto exited with 0
2026-08-29 06:27:34 +0000 [MT] Processing step: IDEDistributionAppStoreInformationStep
2026-08-29 06:27:34 +0000 [MT] Skipping step: IDEDistributionAppStoreInformationStep because it said so
2026-08-29 06:27:34 +0000 [MT] Processing step: IDEDistributionGenerateProcessedDistributionItems
2026-08-29 06:27:34 +0000 [MT] IDEDistributionItem init <DVTFilePath:0xc14637d20:'/var/folders/zb/4v4yvh392mn4ty6ns55343m40000gn/T/XcodeDistPipeline.~~~Tlxt12/Root/Payload/WheelersDriver.app/Frameworks/React.framework'>
2026-08-29 06:27:34 +0000 [MT] IDEDistributionItem init <DVTFilePath:0xc183f56c0:'/var/folders/zb/4v4yvh392mn4ty6ns55343m40000gn/T/XcodeDistPipeline.~~~Tlxt12/Root/Payload/WheelersDriver.app/Frameworks/OpenSSL.framework'>
2026-08-29 06:27:34 +0000 [MT] IDEDistributionItem init <DVTFilePath:0xc11cff480:'/var/folders/zb/4v4yvh392mn4ty6ns55343m40000gn/T/XcodeDistPipeline.~~~Tlxt12/Root/Payload/WheelersDriver.app/Frameworks/ReactNativeDependencies.framework'>
2026-08-29 06:27:34 +0000 [MT] IDEDistributionItem init <DVTFilePath:0xc183f57a0:'/var/folders/zb/4v4yvh392mn4ty6ns55343m40000gn/T/XcodeDistPipeline.~~~Tlxt12/Root/Payload/WheelersDriver.app/Frameworks/hermes.framework'>
2026-08-29 06:27:34 +0000 [MT] IDEDistributionItem init <DVTFilePath:0xc1479e6f0:'/var/folders/zb/4v4yvh392mn4ty6ns55343m40000gn/T/XcodeDistPipeline.~~~Tlxt12/Root/Payload/WheelersDriver.app'>
2026-08-29 06:27:34 +0000 [MT] Processing step: IDEDistributionCreateManifestStep
2026-08-29 06:27:34 +0000 [MT] Skipping step: IDEDistributionCreateManifestStep because it said so
